ticker,timestamp,open,high,low,close,volume
2802,2026-02-03,3513.0000,3557.0000,3502.0000,3553.0000,3006100
2802,2026-02-04,3553.0000,3570.0000,3496.0000,3565.0000,3451100
2802,2026-02-05,3606.0000,3623.0000,3586.0000,3615.0000,3425900
2802,2026-02-06,3875.0000,4099.0000,3855.0000,4099.0000,15940300
2802,2026-02-09,4198.0000,4401.0000,4118.0000,4401.0000,10457200
2802,2026-02-10,4331.0000,4490.0000,4305.0000,4305.0000,9754400
2802,2026-02-12,4295.0000,4356.0000,4245.0000,4356.0000,4817100
2802,2026-02-13,4426.0000,4503.0000,4351.0000,4436.0000,5826600
2802,2026-02-16,4479.0000,4584.0000,4456.0000,4548.0000,4258700
2802,2026-02-17,4501.0000,4637.0000,4460.0000,4637.0000,3372000
2802,2026-02-18,4653.0000,4774.0000,4622.0000,4640.0000,3803100
2802,2026-02-19,4651.0000,4664.0000,4556.0000,4614.0000,2936300
2802,2026-02-20,4614.0000,4641.0000,4557.0000,4602.0000,2498200
2802,2026-02-24,4606.0000,4733.0000,4594.0000,4697.0000,4270100
2802,2026-02-25,4767.0000,4959.0000,4745.0000,4938.0000,5389100
2802,2026-02-26,4912.0000,5025.0000,4852.0000,4870.0000,7006200
2802,2026-02-27,4844.0000,5005.0000,4821.0000,4968.0000,4930300
2802,2026-03-02,4826.0000,4984.0000,4821.0000,4935.0000,3607300
2802,2026-03-03,4820.0000,4853.0000,4685.0000,4714.0000,4819500
2802,2026-03-04,4517.0000,4612.0000,4502.0000,4533.0000,4130800
2802,2026-03-05,4650.0000,4672.0000,4460.0000,4494.0000,4708700
2802,2026-03-06,4513.0000,4579.0000,4482.0000,4518.0000,3447500
2802,2026-03-09,4275.0000,4381.0000,4271.0000,4345.0000,3980800
2802,2026-03-10,4415.0000,4460.0000,4334.0000,4373.0000,3820800
2802,2026-03-11,4441.0000,4495.0000,4406.0000,4468.0000,2923400
2802,2026-03-12,4370.0000,4429.0000,4347.0000,4398.0000,2665500
2802,2026-03-13,4310.0000,4424.0000,4310.0000,4405.0000,3093000
2802,2026-03-16,4415.0000,4478.0000,4393.0000,4478.0000,2307400
2802,2026-03-17,4520.0000,4554.0000,4476.0000,4490.0000,2030700
2802,2026-03-18,4480.0000,4577.0000,4440.0000,4577.0000,2392900
2802,2026-03-19,4437.0000,4445.0000,4375.0000,4405.0000,7011600
2802,2026-03-23,4195.0000,4243.0000,4147.0000,4176.0000,4414600
2802,2026-03-24,4299.0000,4317.0000,4226.0000,4293.0000,3418400
2802,2026-03-25,4430.0000,4481.0000,4401.0000,4481.0000,3042000
2802,2026-03-26,4511.0000,4517.0000,4442.0000,4514.0000,2661000
2802,2026-03-27,4513.0000,4549.0000,4433.0000,4530.0000,4050900
2802,2026-03-30,4296.0000,4447.0000,4295.0000,4447.0000,4560500
2802,2026-03-31,4348.0000,4562.0000,4296.0000,4397.0000,6641200
2802,2026-04-01,4590.0000,4622.0000,4493.0000,4622.0000,3440800
2802,2026-04-02,4662.0000,4683.0000,4595.0000,4659.0000,2792600
2802,2026-04-03,4700.0000,4714.0000,4608.0000,4612.0000,1990300
2802,2026-04-06,4615.0000,4697.0000,4596.0000,4657.0000,2261800
2802,2026-04-07,4646.0000,4674.0000,4573.0000,4598.0000,2101900
2802,2026-04-08,4800.0000,4814.0000,4735.0000,4776.0000,3688600
2802,2026-04-09,4770.0000,4811.0000,4690.0000,4713.0000,2940100
2802,2026-04-10,4722.0000,4724.0000,4652.0000,4652.0000,3006800
2802,2026-04-13,4601.0000,4655.0000,4565.0000,4607.0000,3500300
2802,2026-04-14,4600.0000,4692.0000,4596.0000,4617.0000,2515800
2802,2026-04-15,4651.0000,4683.0000,4636.0000,4667.0000,2250300
2802,2026-04-16,4637.0000,4712.0000,4623.0000,4690.0000,2181900
2802,2026-04-17,4651.0000,4682.0000,4574.0000,4574.0000,1922800
2802,2026-04-20,4599.0000,4640.0000,4582.0000,4607.0000,2451100
2802,2026-04-21,4607.0000,4730.0000,4600.0000,4721.0000,3564700
2802,2026-04-22,4652.0000,4715.0000,4621.0000,4658.0000,2492000
2802,2026-04-23,4607.0000,4672.0000,4565.0000,4590.0000,3034700
2802,2026-04-24,4727.0000,4877.0000,4699.0000,4758.0000,4191800
2802,2026-04-27,4755.0000,4823.0000,4726.0000,4786.0000,3147200
2802,2026-04-28,4794.0000,4813.0000,4750.0000,4767.0000,2409700
2802,2026-04-30,4913.0000,5090.0000,4906.0000,5090.0000,7469200
2802,2026-05-01,4904.0000,4936.0000,4792.0000,4882.0000,3912900
2802,2026-05-07,4952.0000,5070.0000,4739.0000,4958.0000,10744000
2802,2026-05-08,4818.0000,5030.0000,4712.0000,5030.0000,10223100
2802,2026-05-11,5179.0000,5652.0000,5088.0000,5499.0000,12969600
2802,2026-05-12,5502.0000,5739.0000,5425.0000,5439.0000,7590600
2802,2026-05-13,5371.0000,5590.0000,5338.0000,5483.0000,4630900
2802,2026-05-14,5587.0000,5716.0000,5521.0000,5542.0000,5720800
2802,2026-05-15,5542.0000,5580.0000,5252.0000,5269.0000,4499600
2802,2026-05-18,5280.0000,5311.0000,5103.0000,5193.0000,4332700
2802,2026-05-19,5200.0000,5330.0000,5165.0000,5178.0000,4920400
2802,2026-05-20,5278.0000,5295.0000,5006.0000,5068.0000,4275700
2802,2026-05-21,5099.0000,5328.0000,5021.0000,5176.0000,5087100
2802,2026-05-22,5243.0000,5332.0000,5183.0000,5300.0000,3827500
2802,2026-05-25,5270.0000,5505.0000,5195.0000,5475.0000,5159900
2802,2026-05-26,5675.0000,5675.0000,5335.0000,5344.0000,5128700
2802,2026-05-27,5345.0000,5425.0000,5261.0000,5289.0000,3869800
2802,2026-05-28,5189.0000,5275.0000,5110.0000,5142.0000,4114000
2802,2026-05-29,5140.0000,5204.0000,5101.0000,5152.0000,9185600
2802,2026-06-01,5165.0000,5435.0000,5156.0000,5380.0000,4772200
2802,2026-06-02,5302.0000,5351.0000,5144.0000,5262.0000,4996400
2802,2026-06-03,5269.0000,5298.0000,5147.0000,5227.0000,3504900
2802,2026-06-04,5130.0000,5194.0000,5095.0000,5118.0000,3057000
2802,2026-06-05,5050.0000,5070.0000,4936.0000,4942.0000,4289000
2802,2026-06-08,4802.0000,4907.0000,4674.0000,4806.0000,5597000
2802,2026-06-09,4840.0000,4855.0000,4689.0000,4757.0000,3886400
2802,2026-06-10,4772.0000,4865.0000,4674.0000,4729.0000,3146800
2802,2026-06-11,4848.0000,5203.0000,4845.0000,5084.0000,9098500
2802,2026-06-12,5200.0000,5257.0000,5095.0000,5158.0000,7566800
2802,2026-06-15,5500.0000,5501.0000,5052.0000,5060.0000,5178500
2802,2026-06-16,4996.0000,5175.0000,4979.0000,5146.0000,3452600
2802,2026-06-17,5187.0000,5350.0000,5084.0000,5340.0000,7021300
2802,2026-06-18,5385.0000,5843.0000,5379.0000,5787.0000,11123900
2802,2026-06-19,5840.0000,5933.0000,5726.0000,5790.0000,9507900
2802,2026-06-22,5747.0000,6166.0000,5719.0000,6160.0000,7787100
2802,2026-06-23,6000.0000,6035.0000,5652.0000,5652.0000,6481900
2802,2026-06-24,5529.0000,5617.0000,5400.0000,5480.0000,5228800
2802,2026-06-25,5672.0000,5859.0000,5621.0000,5742.0000,4071800
2802,2026-06-26,5771.0000,5890.0000,5657.0000,5721.0000,4592800
2802,2026-06-29,5706.0000,5839.0000,5667.0000,5816.0000,3094100
2802,2026-06-30,5860.0000,5942.0000,5778.0000,5873.0000,3929700
2802,2026-07-01,6048.0000,6311.0000,6003.0000,6175.0000,6849800
2802,2026-07-02,6075.0000,6209.0000,6015.0000,6042.0000,5376600
2802,2026-07-03,6110.0000,6189.0000,5947.0000,6167.0000,3851300
2802,2026-07-06,6200.0000,6340.0000,6046.0000,6091.0000,3818600
2802,2026-07-07,6048.0000,6145.0000,5810.0000,5831.0000,4052300
2802,2026-07-08,5741.0000,5919.0000,5683.0000,5702.0000,4481500
2802,2026-07-09,5777.0000,5905.0000,5715.0000,5721.0000,3484700
2802,2026-07-10,5773.0000,5783.0000,5633.0000,5731.0000,3796900
2802,2026-07-13,5735.0000,5763.0000,5575.0000,5615.0000,3241400
2802,2026-07-14,5597.0000,5672.0000,5515.0000,5656.0000,2829000
2802,2026-07-15,5698.0000,5700.0000,5536.0000,5606.0000,2345400
2802,2026-07-16,5555.0000,5584.0000,5348.0000,5361.0000,3680000
2802,2026-07-17,5215.0000,5289.0000,5114.0000,5194.0000,4971500
2802,2026-07-21,5262.0000,5295.0000,5215.0000,5252.0000,3521400
2802,2026-07-22,5430.0000,5430.0000,5248.0000,5253.0000,3917200
2802,2026-07-23,5258.0000,5319.0000,5085.0000,5102.0000,3647900
2802,2026-07-24,5051.0000,5096.0000,4978.0000,5096.0000,3313400
2802,2026-07-27,5139.0000,5171.0000,5025.0000,5069.0000,3261500
2802,2026-07-28,4969.0000,5013.0000,4840.0000,4888.0000,5081400
2802,2026-07-29,4874.0000,4984.0000,4760.0000,4847.0000,5208900
2802,2026-07-30,4747.0000,4900.0000,4721.0000,4839.0000,3380100
2802,2026-07-31,5025.0000,5105.0000,4927.0000,4965.0000,6792600
2802,2026-08-03,4920.0000,4930.0000,4791.0000,4896.0000,3457300
2802,2026-08-04,4893.0000,4965.0000,4836.0000,4953.0000,3217000
2802,2026-08-05,5198.0000,5350.0000,5127.0000,5333.0000,6316000
2802,2026-08-06,5350.0000,5368.0000,5154.0000,5196.0000,5499400
2802,2026-08-07,5096.0000,5273.0000,4998.0000,5196.0000,5371200
2802,2026-08-10,5106.0000,5318.0000,5085.0000,5272.0000,3388800
2802,2026-08-12,5457.0000,5531.0000,5391.0000,5456.0000,4908600
2802,2026-08-13,5530.0000,5704.0000,5516.0000,5636.0000,4051800
2802,2026-08-14,5703.0000,5733.0000,5529.0000,5566.0000,3880200
2802,2026-08-17,5530.0000,5754.0000,5524.0000,5721.0000,3490200
2802,2026-08-18,5621.0000,5663.0000,5443.0000,5535.0000,3822900
2802,2026-08-19,5259.0000,5388.0000,5255.0000,5280.0000,3489100
2802,2026-08-20,5352.0000,5373.0000,5286.0000,5349.0000,2575800
2802,2026-08-21,5267.0000,5441.0000,5260.0000,5396.0000,2867000
2802,2026-08-24,5368.0000,5453.0000,5345.0000,5370.0000,1728600
2802,2026-08-25,5380.0000,5497.0000,5313.0000,5497.0000,2109900
2802,2026-08-26,5496.0000,5577.0000,5406.0000,5416.0000,2121700
2802,2026-08-27,5552.0000,5609.0000,5426.0000,5441.0000,2265700
2802,2026-08-28,5411.0000,5509.0000,5401.0000,5431.0000,2355900
2802,2026-08-31,5331.0000,5458.0000,5304.0000,5402.0000,2995400
2802,2026-09-01,5368.0000,5425.0000,5313.0000,5336.0000,2183700
2802,2026-09-02,5236.0000,5290.0000,5143.0000,5225.0000,2999300
2802,2026-09-03,5222.0000,5232.0000,5143.0000,5180.0000,2319800
2802,2026-09-04,5193.0000,5233.0000,5121.0000,5174.0000,3479300
2802,2026-09-07,5206.0000,5281.0000,5155.0000,5219.0000,3554800
2802,2026-09-08,5200.0000,5232.0000,5068.0000,5068.0000,2100600
2802,2026-09-09,5048.0000,5158.0000,5039.0000,5084.0000,3209700
2802,2026-09-10,5055.0000,5067.0000,4987.0000,5035.0000,2722600
2802,2026-09-11,4918.0000,4974.0000,4910.0000,4974.0000,2939800
2802,2026-09-14,4892.0000,4922.0000,4800.0000,4920.0000,3107100
2802,2026-09-15,4898.0000,4946.0000,4848.0000,4870.0000,2834200
2802,2026-09-16,4877.0000,4888.0000,4823.0000,4888.0000,1929000
2802,2026-09-17,4946.0000,5025.0000,4907.0000,4953.0000,2715000
2802,2026-09-18,4981.0000,4994.0000,4890.0000,4904.0000,3050400
2802,2026-09-24,4984.0000,5081.0000,4974.0000,4998.0000,3414900
2802,2026-09-25,4982.0000,5081.0000,4950.0000,5051.0000,3000500
2802,2026-09-28,5051.0000,5102.0000,5006.0000,5006.0000,3198900
2802,2026-09-29,4960.0000,5005.0000,4931.0000,4974.0000,415700
2802,2026-09-30,5027.0000,5066.0000,5012.0000,5034.0000,306900
2802,2026-10-01,5076.0000,5167.0000,5050.0000,5159.0000,575700
2802,2026-10-02,5200.0000,5245.0000,5162.0000,5184.0000,679600
2802,2026-10-05,5280.0000,5337.0000,5201.0000,5321.0000,3177900
2802,2026-10-06,5351.0000,5359.0000,5260.0000,5305.0000,730100
2802,2026-10-07,5380.0000,5408.0000,5345.0000,5395.0000,367800
2802,2026-10-08,5346.0000,5351.0000,5257.0000,5266.0000,368300
3110,2026-02-27,4994.0000,5100.0000,4778.0000,5040.0000,14770500
3110,2026-03-02,4740.0000,5196.0000,4712.0000,5026.0000,13881000
3110,2026-03-03,4936.0000,5484.0000,4620.0000,4666.0000,22423000
3110,2026-03-04,4494.0000,4754.0000,4222.0000,4348.0000,17970000
3110,2026-03-05,4494.0000,4806.0000,4430.0000,4640.0000,19650000
3110,2026-03-06,4440.0000,4764.0000,4436.0000,4762.0000,12898000
3110,2026-03-09,4270.0000,4462.0000,3816.0000,4136.0000,21655000
3110,2026-03-10,4400.0000,4520.0000,4162.0000,4234.0000,15195500
3110,2026-03-11,4430.0000,4640.0000,4412.0000,4476.0000,11215500
3110,2026-03-12,4302.0000,4438.0000,4248.0000,4340.0000,9641500
3110,2026-03-13,4176.0000,4430.0000,4156.0000,4428.0000,7716000
3110,2026-03-16,4382.0000,4482.0000,4274.0000,4376.0000,8858500
3110,2026-03-17,4530.0000,4562.0000,4160.0000,4160.0000,8481500
3110,2026-03-18,4214.0000,4460.0000,4180.0000,4460.0000,6248000
3110,2026-03-19,4388.0000,4440.0000,4180.0000,4316.0000,8205500
3110,2026-03-23,4156.0000,4216.0000,3942.0000,4024.0000,9914500
3110,2026-03-24,4184.0000,4206.0000,3874.0000,4020.0000,7718000
3110,2026-03-25,4300.0000,4498.0000,4254.0000,4472.0000,8270500
3110,2026-03-26,4432.0000,4606.0000,4292.0000,4362.0000,8819000
3110,2026-03-27,4188.0000,4316.0000,4064.0000,4300.0000,6931500
3110,2026-03-30,4016.0000,4048.0000,3874.0000,3952.0000,9968500
3110,2026-03-31,3712.0000,3846.0000,3666.0000,3748.0000,8506000
3110,2026-04-01,4068.0000,4174.0000,3980.0000,4174.0000,7278500
3110,2026-04-02,4194.0000,4224.0000,3898.0000,3922.0000,9844500
3110,2026-04-03,4040.0000,4170.0000,4024.0000,4096.0000,5852000
3110,2026-04-06,4100.0000,4256.0000,4054.0000,4152.0000,6712500
3110,2026-04-07,4204.0000,4424.0000,4180.0000,4332.0000,9331000
3110,2026-04-08,4700.0000,4986.0000,4638.0000,4970.0000,13393000
3110,2026-04-09,4880.0000,5258.0000,4840.0000,5058.0000,14183500
3110,2026-04-10,5300.0000,5518.0000,5250.0000,5486.0000,14630500
3110,2026-04-13,5514.0000,5846.0000,5434.0000,5792.0000,18715000
3110,2026-04-14,5992.0000,6190.0000,5864.0000,5888.0000,12291000
3110,2026-04-15,6020.0000,6020.0000,5288.0000,5300.0000,17102000
3110,2026-04-16,5370.0000,5488.0000,5216.0000,5408.0000,13590500
3110,2026-04-17,5364.0000,5594.0000,5336.0000,5502.0000,13283500
3110,2026-04-20,5460.0000,5570.0000,5322.0000,5344.0000,8447500
3110,2026-04-21,5370.0000,5538.0000,5268.0000,5292.0000,8802500
3110,2026-04-22,5288.0000,5502.0000,5108.0000,5492.0000,8555000
3110,2026-04-23,5586.0000,5630.0000,5082.0000,5110.0000,12807000
3110,2026-04-24,5294.0000,5564.0000,5250.0000,5476.0000,12358500
3110,2026-04-27,5480.0000,5588.0000,5276.0000,5470.0000,9728500
3110,2026-04-28,5422.0000,5660.0000,5334.0000,5642.0000,8513500
3110,2026-04-30,5620.0000,5798.0000,5568.0000,5708.0000,10142500
3110,2026-05-01,5708.0000,5824.0000,5532.0000,5632.0000,9227500
3110,2026-05-07,6000.0000,6580.0000,6000.0000,6390.0000,12156500
3110,2026-05-08,6140.0000,6190.0000,5938.0000,6080.0000,8597000
3110,2026-05-11,6000.0000,6100.0000,5700.0000,5818.0000,12090000
3110,2026-05-12,5998.0000,6080.0000,5674.0000,5800.0000,10399000
3110,2026-05-13,5340.0000,5470.0000,5080.0000,5158.0000,19136000
3110,2026-05-14,5206.0000,5526.0000,5200.0000,5238.0000,11945500
3110,2026-05-15,5230.0000,5310.0000,4690.0000,4780.0000,11200500
3110,2026-05-18,4814.0000,4816.0000,4450.0000,4546.0000,9913500
3110,2026-05-19,4392.0000,4414.0000,4206.0000,4316.0000,9848500
3110,2026-05-20,4282.0000,4408.0000,4086.0000,4218.0000,7900000
3110,2026-05-21,4348.0000,4568.0000,4186.0000,4404.0000,8483000
3110,2026-05-22,4568.0000,5278.0000,4558.0000,5062.0000,17973500
3110,2026-05-25,5132.0000,5718.0000,5026.0000,5512.0000,16168500
3110,2026-05-26,5612.0000,5620.0000,5132.0000,5178.0000,13802000
3110,2026-05-27,5148.0000,5178.0000,4606.0000,4660.0000,16001500
3110,2026-05-28,4588.0000,4644.0000,4300.0000,4542.0000,11149500
3110,2026-05-29,4502.0000,4604.0000,4294.0000,4534.0000,12215500
3110,2026-06-01,4520.0000,5080.0000,4452.0000,4848.0000,12112000
3110,2026-06-02,4502.0000,4562.0000,4252.0000,4380.0000,13180500
3110,2026-06-03,4480.0000,4568.0000,4222.0000,4354.0000,10534500
3110,2026-06-04,4200.0000,4242.0000,3910.0000,4154.0000,13482500
3110,2026-06-05,4054.0000,4074.0000,3858.0000,4050.0000,10325000
3110,2026-06-08,3646.0000,3740.0000,3576.0000,3736.0000,15563000
3110,2026-06-09,3780.0000,3796.0000,3526.0000,3668.0000,11860000
3110,2026-06-10,3600.0000,3614.0000,3408.0000,3568.0000,9786500
3110,2026-06-11,3334.0000,3526.0000,3280.0000,3466.0000,8629500
3110,2026-06-12,3620.0000,3862.0000,3620.0000,3676.0000,11208000
3110,2026-06-15,3916.0000,4036.0000,3890.0000,3892.0000,9265000
3110,2026-06-16,4052.0000,4498.0000,3944.0000,4338.0000,18439000
3110,2026-06-17,4138.0000,4326.0000,4120.0000,4234.0000,8729500
3110,2026-06-18,4250.0000,4268.0000,3838.0000,3838.0000,13039000
3110,2026-06-19,3900.0000,3958.0000,3770.0000,3900.0000,11506500
3110,2026-06-22,4054.0000,4306.0000,4006.0000,4136.0000,8568500
3110,2026-06-23,4236.0000,4236.0000,3820.0000,3876.0000,9834000
3110,2026-06-24,3874.0000,4132.0000,3840.0000,4002.0000,8294000
3110,2026-06-25,4302.0000,4304.0000,4006.0000,4088.0000,6531000
3110,2026-06-26,3988.0000,4016.0000,3776.0000,3926.0000,7342500
3110,2026-06-29,3875.0000,4580.0000,3730.0000,4580.0000,9613400
3110,2026-06-30,4455.0000,4460.0000,4060.0000,4315.0000,7743100
3110,2026-07-01,4320.0000,4325.0000,3805.0000,3950.0000,8278200
3110,2026-07-02,3855.0000,3860.0000,3570.0000,3635.0000,6260500
3110,2026-07-03,3530.0000,3660.0000,3395.0000,3625.0000,4942000
3110,2026-07-06,3605.0000,3620.0000,3430.0000,3515.0000,5009700
3110,2026-07-07,3865.0000,3870.0000,3525.0000,3570.0000,6927600
3110,2026-07-08,3430.0000,3710.0000,3405.0000,3515.0000,5055200
3110,2026-07-09,3650.0000,3725.0000,3480.0000,3480.0000,4549900
3110,2026-07-10,3530.0000,3630.0000,3445.0000,3445.0000,3450800
3110,2026-07-13,3425.0000,3680.0000,3370.0000,3400.0000,3984800
3110,2026-07-14,3400.0000,3475.0000,3270.0000,3430.0000,4476500
3110,2026-07-15,3500.0000,3625.0000,3450.0000,3555.0000,3773700
3110,2026-07-16,3430.0000,3450.0000,3255.0000,3280.0000,4036200
3110,2026-07-17,3150.0000,3155.0000,2915.0000,3035.0000,7456500
3110,2026-07-21,3105.0000,3130.0000,3025.0000,3110.0000,3883800
3110,2026-07-22,3300.0000,3360.0000,3180.0000,3180.0000,4817800
3110,2026-07-23,3310.0000,3330.0000,3180.0000,3240.0000,3414200
3110,2026-07-24,3230.0000,3240.0000,3070.0000,3195.0000,3911800
3110,2026-07-27,3225.0000,3230.0000,3040.0000,3165.0000,2941500
3110,2026-07-28,3030.0000,3050.0000,2823.0000,2886.0000,6197400
3110,2026-07-29,2890.0000,2914.0000,2537.0000,2622.0000,9435600
3110,2026-07-30,2600.0000,2691.0000,2520.0000,2598.0000,5012900
3110,2026-07-31,2898.0000,2992.0000,2800.0000,2800.0000,7146600
3110,2026-08-03,2686.0000,2826.0000,2675.0000,2775.0000,4326800
3110,2026-08-04,2825.0000,3215.0000,2804.0000,3170.0000,8408800
3110,2026-08-05,3350.0000,3610.0000,3350.0000,3555.0000,11175700
3110,2026-08-06,3150.0000,3150.0000,2873.0000,2918.0000,21267600
3110,2026-08-07,2940.0000,2958.0000,2737.0000,2825.0000,8656600
3110,2026-08-10,2833.0000,2909.0000,2791.0000,2815.0000,5823200
3110,2026-08-12,2863.0000,3095.0000,2840.0000,3050.0000,9365700
3110,2026-08-13,3060.0000,3250.0000,3055.0000,3235.0000,7628400
3110,2026-08-14,3220.0000,3310.0000,3115.0000,3165.0000,6521100
3110,2026-08-17,3270.0000,3500.0000,3260.0000,3440.0000,7629700
3110,2026-08-18,3400.0000,3455.0000,3185.0000,3210.0000,7569100
3110,2026-08-19,3030.0000,3110.0000,2940.0000,2996.0000,9368500
3110,2026-08-20,3040.0000,3185.0000,2987.0000,3170.0000,7155800
3110,2026-08-21,3030.0000,3150.0000,3020.0000,3065.0000,5617300
3110,2026-08-24,3070.0000,3070.0000,2899.0000,2918.0000,5848400
3110,2026-08-25,2870.0000,2973.0000,2832.0000,2971.0000,8083000
3110,2026-08-26,2942.0000,2963.0000,2816.0000,2901.0000,5910000
3110,2026-08-27,3050.0000,3090.0000,2953.0000,2987.0000,5725700
3110,2026-08-28,2998.0000,3085.0000,2981.0000,3035.0000,4345100
3110,2026-08-31,2925.0000,3205.0000,2901.0000,3200.0000,5473500
3110,2026-09-01,3250.0000,3250.0000,3110.0000,3145.0000,3637700
3110,2026-09-02,3090.0000,3175.0000,3055.0000,3140.0000,3079700
3110,2026-09-03,3190.0000,3200.0000,2952.0000,2961.0000,4081600
3110,2026-09-04,2984.0000,3090.0000,2975.0000,3060.0000,3257400
3110,2026-09-07,3155.0000,3165.0000,3000.0000,3115.0000,4934300
3110,2026-09-08,3060.0000,3075.0000,2928.0000,2935.0000,4243900
3110,2026-09-09,3030.0000,3130.0000,3000.0000,3065.0000,4272500
3110,2026-09-10,3000.0000,3045.0000,2888.0000,2955.0000,4467000
3110,2026-09-11,2805.0000,2857.0000,2773.0000,2835.0000,5228900
3110,2026-09-14,2749.0000,2910.0000,2689.0000,2851.0000,5386700
3110,2026-09-15,2801.0000,2989.0000,2794.0000,2884.0000,4612000
3110,2026-09-16,2851.0000,2926.0000,2827.0000,2899.0000,3940600
3110,2026-09-17,2999.0000,3015.0000,2828.0000,2876.0000,3977500
3110,2026-09-18,2926.0000,3080.0000,2926.0000,3080.0000,6849800
3110,2026-09-24,3150.0000,3165.0000,3010.0000,3010.0000,3914600
3110,2026-09-25,3000.0000,3010.0000,2927.0000,2980.0000,3500300
3110,2026-09-28,3030.0000,3140.0000,3010.0000,3100.0000,4512300
3110,2026-09-29,3120.0000,3165.0000,3030.0000,3040.0000,3362900
3110,2026-09-30,3110.0000,3255.0000,3110.0000,3210.0000,4541000
3110,2026-10-01,3220.0000,3365.0000,3170.0000,3335.0000,4896100
3110,2026-10-02,3340.0000,3420.0000,3285.0000,3370.0000,4595500
3110,2026-10-05,3440.0000,3450.0000,3335.0000,3360.0000,4102100
3110,2026-10-06,3340.0000,3730.0000,3305.0000,3640.0000,9951100
3110,2026-10-07,3640.0000,3710.0000,3550.0000,3675.0000,5745100
3110,2026-10-08,3605.0000,3635.0000,3470.0000,3525.0000,2344100
3407,2026-02-27,1799.0000,1844.5000,1780.5000,1844.5000,9724100
3407,2026-03-02,1828.5000,1889.0000,1816.0000,1884.5000,5966100
3407,2026-03-03,1850.0000,1874.0000,1823.0000,1826.0000,5940200
3407,2026-03-04,1750.0000,1771.0000,1668.0000,1698.5000,7773300
3407,2026-03-05,1770.5000,1779.5000,1711.5000,1724.0000,7272600
3407,2026-03-06,1700.0000,1717.5000,1689.0000,1712.0000,4953300
3407,2026-03-09,1592.0000,1630.5000,1572.5000,1630.5000,6707200
3407,2026-03-10,1670.5000,1689.5000,1655.0000,1669.0000,6265800
3407,2026-03-11,1726.0000,1732.0000,1700.0000,1709.5000,4046400
3407,2026-03-12,1640.5000,1669.0000,1626.0000,1649.5000,7716600
3407,2026-03-13,1593.5000,1644.5000,1593.5000,1616.5000,8123200
3407,2026-03-16,1587.5000,1605.0000,1572.0000,1595.0000,5769700
3407,2026-03-17,1620.0000,1637.0000,1594.0000,1596.5000,4006900
3407,2026-03-18,1611.5000,1638.0000,1610.0000,1636.0000,4439900
3407,2026-03-19,1566.5000,1581.5000,1545.0000,1553.5000,10100300
3407,2026-03-23,1513.5000,1517.0000,1459.0000,1474.5000,7747400
3407,2026-03-24,1519.0000,1534.5000,1504.5000,1530.0000,5010900
3407,2026-03-25,1582.0000,1583.0000,1555.0000,1557.5000,3888900
3407,2026-03-26,1581.5000,1582.0000,1545.0000,1560.0000,3495300
3407,2026-03-27,1552.0000,1569.5000,1544.0000,1569.5000,5584900
3407,2026-03-30,1450.0000,1508.5000,1450.0000,1506.5000,7302800
3407,2026-03-31,1494.5000,1540.5000,1488.0000,1509.0000,5126900
3407,2026-04-01,1570.0000,1596.5000,1543.0000,1590.5000,6510600
3407,2026-04-02,1602.5000,1602.5000,1544.5000,1544.5000,5118700
3407,2026-04-03,1559.5000,1573.0000,1551.0000,1560.0000,2305800
3407,2026-04-06,1551.0000,1565.5000,1537.5000,1538.5000,3413100
3407,2026-04-07,1554.5000,1556.5000,1529.0000,1545.0000,4369300
3407,2026-04-08,1652.5000,1658.0000,1621.5000,1650.0000,9006800
3407,2026-04-09,1664.0000,1667.5000,1632.5000,1637.5000,5463400
3407,2026-04-10,1651.5000,1658.5000,1634.0000,1635.5000,5080600
3407,2026-04-13,1629.5000,1635.0000,1601.0000,1611.0000,5012700
3407,2026-04-14,1629.0000,1635.0000,1564.0000,1573.5000,6362200
3407,2026-04-15,1607.5000,1630.5000,1540.5000,1540.5000,10197600
3407,2026-04-16,1561.0000,1620.0000,1560.0000,1612.0000,5905000
3407,2026-04-17,1611.5000,1618.0000,1591.0000,1602.0000,4380700
3407,2026-04-20,1598.0000,1605.5000,1556.5000,1559.0000,3815900
3407,2026-04-21,1564.0000,1578.0000,1558.5000,1558.5000,2982900
3407,2026-04-22,1551.0000,1551.5000,1528.0000,1533.5000,4113900
3407,2026-04-23,1513.5000,1533.0000,1488.0000,1526.5000,4912400
3407,2026-04-24,1535.0000,1545.0000,1508.0000,1527.0000,3198300
3407,2026-04-27,1520.0000,1535.5000,1505.0000,1519.5000,2929300
3407,2026-04-28,1535.0000,1549.0000,1527.0000,1542.0000,3348100
3407,2026-04-30,1533.5000,1538.0000,1508.5000,1535.0000,5477800
3407,2026-05-01,1516.0000,1527.5000,1503.5000,1524.5000,3442200
3407,2026-05-07,1564.5000,1581.0000,1537.0000,1545.5000,6643100
3407,2026-05-08,1539.0000,1543.0000,1506.5000,1536.5000,5504700
3407,2026-05-11,1522.0000,1546.5000,1516.5000,1532.5000,4652500
3407,2026-05-12,1548.0000,1664.0000,1541.0000,1654.5000,13151800
3407,2026-05-13,1655.0000,1759.5000,1645.5000,1750.0000,10306000
3407,2026-05-14,1750.0000,1758.5000,1708.0000,1729.0000,6255300
3407,2026-05-15,1732.0000,1742.0000,1705.5000,1728.0000,6129300
3407,2026-05-18,1706.0000,1714.0000,1667.0000,1690.0000,4533300
3407,2026-05-19,1700.0000,1703.5000,1678.5000,1700.0000,5626100
3407,2026-05-20,1696.0000,1699.0000,1671.5000,1673.5000,5936600
3407,2026-05-21,1694.5000,1740.0000,1680.5000,1709.0000,4570700
3407,2026-05-22,1710.0000,1727.0000,1695.5000,1726.0000,3770800
3407,2026-05-25,1766.0000,1792.0000,1741.0000,1770.0000,4317300
3407,2026-05-26,1763.0000,1793.0000,1750.0000,1750.5000,4139600
3407,2026-05-27,1750.0000,1777.5000,1742.5000,1750.0000,4877600
3407,2026-05-28,1718.0000,1760.0000,1707.0000,1755.5000,5566900
3407,2026-05-29,1767.5000,1802.5000,1765.0000,1787.0000,10221700
3407,2026-06-01,1777.5000,1785.0000,1740.5000,1768.0000,4386200
3407,2026-06-02,1770.5000,1773.5000,1700.5000,1742.5000,4955100
3407,2026-06-03,1757.5000,1783.5000,1743.0000,1757.5000,5186800
3407,2026-06-04,1750.0000,1787.5000,1745.0000,1786.0000,4546500
3407,2026-06-05,1777.0000,1803.5000,1762.5000,1786.5000,3738100
3407,2026-06-08,1781.0000,1785.0000,1727.0000,1746.0000,6015600
3407,2026-06-09,1786.0000,1786.0000,1710.0000,1716.0000,5193600
3407,2026-06-10,1735.0000,1770.0000,1732.0000,1756.0000,5735300
3407,2026-06-11,1721.0000,1770.0000,1707.5000,1760.0000,4133600
3407,2026-06-12,1800.0000,1812.0000,1770.0000,1788.5000,6489400
3407,2026-06-15,1818.0000,1834.5000,1756.0000,1764.5000,7362800
3407,2026-06-16,1744.0000,1768.0000,1730.0000,1761.5000,4547400
3407,2026-06-17,1765.0000,1790.0000,1750.0000,1790.0000,3657500
3407,2026-06-18,1800.0000,1811.5000,1774.0000,1784.0000,3926500
3407,2026-06-19,1794.0000,1813.0000,1785.0000,1792.5000,7466200
3407,2026-06-22,1834.5000,1837.0000,1795.5000,1823.5000,5950700
3407,2026-06-23,1821.0000,1822.5000,1778.5000,1793.0000,5350300
3407,2026-06-24,1768.0000,1807.0000,1750.5000,1796.0000,4680500
3407,2026-06-25,1826.0000,1826.0000,1788.5000,1794.0000,4540400
3407,2026-06-26,1804.5000,1824.0000,1779.0000,1794.0000,3593700
3407,2026-06-29,1807.0000,1815.0000,1782.5000,1803.5000,3864700
3407,2026-06-30,1796.0000,1807.5000,1776.0000,1791.0000,4216700
3407,2026-07-01,1795.0000,1801.0000,1765.0000,1782.5000,3844400
3407,2026-07-02,1781.5000,1803.5000,1761.5000,1783.5000,4101200
3407,2026-07-03,1798.0000,1849.0000,1775.0000,1849.0000,4990500
3407,2026-07-06,1855.0000,1906.0000,1850.5000,1901.0000,4625200
3407,2026-07-07,1899.0000,1900.0000,1867.5000,1881.5000,4251400
3407,2026-07-08,1853.5000,1893.0000,1832.0000,1867.0000,5100800
3407,2026-07-09,1840.0000,1884.0000,1831.5000,1851.0000,4844400
3407,2026-07-10,1859.0000,1871.5000,1831.5000,1842.0000,3755500
3407,2026-07-13,1859.0000,1868.5000,1815.5000,1815.5000,3763900
3407,2026-07-14,1834.0000,1876.0000,1813.5000,1867.0000,5972800
3407,2026-07-15,1900.0000,1905.0000,1868.0000,1887.5000,5013700
3407,2026-07-16,1861.0000,1888.5000,1852.0000,1876.0000,3407000
3407,2026-07-17,1855.5000,1866.5000,1804.0000,1829.5000,4536900
3407,2026-07-21,1846.0000,1863.5000,1827.0000,1862.0000,4029000
3407,2026-07-22,1872.0000,1886.5000,1852.5000,1857.0000,3723600
3407,2026-07-23,1846.0000,1877.5000,1846.0000,1866.5000,3023900
3407,2026-07-24,1839.5000,1862.5000,1837.5000,1845.5000,3414300
3407,2026-07-27,1852.5000,1878.5000,1844.5000,1872.5000,4749600
3407,2026-07-28,1835.0000,1855.5000,1800.0000,1817.0000,4931400
3407,2026-07-29,1820.0000,1830.5000,1794.0000,1830.5000,6071600
3407,2026-07-30,1801.0000,1818.5000,1785.5000,1810.0000,5964200
3407,2026-07-31,1810.0000,1895.0000,1710.0000,1722.5000,12615000
3407,2026-08-03,1686.0000,1713.5000,1618.5000,1647.5000,9491200
3407,2026-08-04,1625.0000,1641.0000,1558.5000,1579.5000,16057600
3407,2026-08-05,1610.0000,1639.5000,1605.0000,1635.0000,9027500
3407,2026-08-06,1643.0000,1666.0000,1635.0000,1666.0000,6477200
3407,2026-08-07,1670.0000,1693.5000,1661.0000,1692.0000,5306200
3407,2026-08-10,1692.0000,1704.0000,1668.0000,1681.0000,5633000
3407,2026-08-12,1691.0000,1737.5000,1691.0000,1734.0000,7455100
3407,2026-08-13,1736.5000,1753.5000,1709.0000,1724.0000,5938800
3407,2026-08-14,1735.0000,1736.5000,1690.0000,1702.0000,4908300
3407,2026-08-17,1716.0000,1717.5000,1699.0000,1707.0000,2868000
3407,2026-08-18,1708.0000,1708.0000,1675.0000,1685.5000,3442700
3407,2026-08-19,1650.0000,1655.0000,1605.0000,1616.5000,4910100
3407,2026-08-20,1635.0000,1639.0000,1617.0000,1634.0000,3679000
3407,2026-08-21,1633.5000,1644.0000,1620.0000,1641.5000,3179600
3407,2026-08-24,1623.5000,1646.0000,1623.0000,1633.5000,3682300
3407,2026-08-25,1639.0000,1641.5000,1624.5000,1633.5000,4198800
3407,2026-08-26,1628.0000,1631.0000,1617.0000,1625.5000,3809500
3407,2026-08-27,1630.0000,1655.0000,1627.5000,1649.0000,3834500
3407,2026-08-28,1636.5000,1651.5000,1610.0000,1615.5000,6454400
3407,2026-08-31,1602.0000,1644.0000,1595.0000,1644.0000,6867300
3407,2026-09-01,1654.5000,1700.0000,1643.5000,1688.5000,4646800
3407,2026-09-02,1671.0000,1681.0000,1636.5000,1649.0000,5122000
3407,2026-09-03,1660.0000,1671.0000,1649.0000,1654.0000,3967900
3407,2026-09-04,1654.0000,1655.5000,1610.0000,1612.0000,5267900
3407,2026-09-07,1630.0000,1631.0000,1607.5000,1612.5000,2899900
3407,2026-09-08,1607.5000,1608.5000,1570.5000,1570.5000,3851400
3407,2026-09-09,1556.0000,1567.0000,1548.0000,1567.0000,6158100
3407,2026-09-10,1550.0000,1566.5000,1545.0000,1566.5000,3707100
3407,2026-09-11,1527.5000,1580.0000,1518.0000,1552.0000,4562300
3407,2026-09-14,1546.0000,1566.5000,1530.0000,1555.0000,3534600
3407,2026-09-15,1558.5000,1568.0000,1545.5000,1568.0000,5120600
3407,2026-09-16,1581.0000,1598.0000,1575.5000,1593.0000,4237400
3407,2026-09-17,1599.0000,1617.5000,1595.5000,1612.0000,3195800
3407,2026-09-18,1614.5000,1618.5000,1588.5000,1600.0000,5871200
3407,2026-09-24,1612.5000,1617.0000,1603.0000,1606.5000,4121500
3407,2026-09-25,1629.0000,1657.5000,1615.0000,1645.5000,5907600
3407,2026-09-28,1659.5000,1662.0000,1641.5000,1641.5000,4944200
3407,2026-09-29,1615.0000,1628.0000,1603.0000,1611.5000,4388500
3407,2026-09-30,1624.0000,1671.0000,1623.0000,1657.5000,5371000
3407,2026-10-01,1643.5000,1652.0000,1631.5000,1649.5000,3880500
3407,2026-10-02,1639.5000,1641.5000,1619.0000,1630.0000,4185400
3407,2026-10-05,1636.5000,1657.0000,1636.5000,1646.5000,3237000
3407,2026-10-06,1659.0000,1674.0000,1635.0000,1674.0000,2879900
3407,2026-10-07,1672.0000,1681.0000,1654.5000,1664.0000,5076900
3407,2026-10-08,1650.0000,1657.0000,1640.0000,1656.0000,1394400
3750,2026-03-03,496.8000,498.4000,485.2000,487.0000,1482892
3750,2026-03-04,480.0000,486.8000,470.2000,479.2000,1441731
3750,2026-03-05,503.0000,503.0000,487.2000,499.8000,2601750
3750,2026-03-06,503.5000,513.0000,494.4000,513.0000,3182774
3750,2026-03-09,513.0000,513.0000,482.2000,503.0000,3765557
3750,2026-03-10,533.0000,552.0000,525.0000,550.0000,6331879
3750,2026-03-11,560.0000,608.0000,552.0000,599.5000,6532230
3750,2026-03-12,600.0000,614.5000,596.0000,610.0000,3827320
3750,2026-03-13,598.0000,623.0000,597.5000,621.0000,3601156
3750,2026-03-16,622.5000,670.0000,621.0000,670.0000,5239964
3750,2026-03-17,680.0000,685.0000,644.0000,648.0000,3844089
3750,2026-03-18,648.0000,665.0000,639.5000,650.5000,2095954
3750,2026-03-19,650.5000,665.0000,640.5000,644.0000,2021163
3750,2026-03-20,664.5000,698.0000,657.5000,698.0000,6275080
3750,2026-03-23,688.0000,689.0000,658.0000,662.0000,3313221
3750,2026-03-24,672.5000,678.0000,625.0000,645.0000,3394763
3750,2026-03-25,651.5000,662.5000,626.5000,637.5000,2810315
3750,2026-03-26,620.0000,641.5000,613.0000,616.0000,2749585
3750,2026-03-27,623.5000,638.0000,608.0000,634.0000,2179661
3750,2026-03-30,632.0000,641.0000,624.0000,632.0000,2227823
3750,2026-03-31,637.5000,654.5000,611.0000,613.5000,2148918
3750,2026-04-01,636.5000,638.5000,623.5000,632.5000,1871936
3750,2026-04-02,637.5000,651.5000,620.5000,627.5000,1600945
3750,2026-04-08,660.0000,660.0000,628.5000,639.5000,2203760
3750,2026-04-09,642.0000,645.0000,629.5000,633.0000,1564837
3750,2026-04-10,639.5000,682.0000,631.0000,681.5000,3925993
3750,2026-04-13,681.5000,701.0000,675.5000,682.5000,2639757
3750,2026-04-14,680.0000,680.0000,633.0000,660.0000,6164403
3750,2026-04-15,660.0000,674.0000,648.0000,655.5000,3932787
3750,2026-04-16,684.5000,729.0000,682.5000,714.5000,5743359
3750,2026-04-17,714.5000,725.0000,685.5000,692.0000,4114871
3750,2026-04-20,700.0000,708.0000,690.5000,702.5000,3036633
3750,2026-04-21,712.0000,745.0000,703.0000,736.0000,3076530
3750,2026-04-22,720.0000,720.0000,692.0000,699.0000,13504527
3750,2026-04-23,699.0000,708.0000,690.0000,702.5000,2908230
3750,2026-04-24,715.5000,715.5000,680.0000,695.0000,3458832
3750,2026-04-27,702.0000,703.0000,666.0000,675.5000,3257232
3750,2026-04-28,630.0000,631.5000,613.5000,629.0000,14897728
3750,2026-04-29,630.0000,630.0000,614.0000,627.5000,7832761
3750,2026-04-30,630.0000,633.5000,607.0000,608.0000,8583105
3750,2026-05-04,627.0000,639.0000,618.5000,631.5000,9257390
3750,2026-05-05,650.0000,659.5000,640.5000,655.0000,5838183
3750,2026-05-06,681.0000,681.0000,647.0000,669.0000,12600266
3750,2026-05-07,671.5000,673.5000,651.5000,665.0000,6924377
3750,2026-05-08,672.5000,672.5000,649.5000,651.0000,3853234
3750,2026-05-11,655.5000,664.5000,649.5000,657.5000,4015364
3750,2026-05-12,661.0000,662.5000,643.0000,651.5000,3555751
3750,2026-05-13,659.0000,673.5000,653.5000,673.0000,3698888
3750,2026-05-14,700.0000,707.5000,682.5000,686.0000,5990355
3750,2026-05-15,698.0000,698.0000,671.5000,680.0000,3660186
3750,2026-05-18,670.0000,683.5000,663.0000,674.5000,2708095
3750,2026-05-19,674.5000,674.5000,646.5000,660.0000,3803034
3750,2026-05-20,651.0000,664.5000,650.5000,662.5000,2952978
3750,2026-05-21,665.5000,681.0000,665.5000,673.5000,4673932
3750,2026-05-22,684.0000,691.0000,675.0000,686.0000,3963660
3750,2026-05-26,686.0000,686.0000,656.0000,658.0000,5278819
3750,2026-05-27,704.0000,705.5000,674.0000,700.0000,6266540
3750,2026-05-28,709.0000,720.0000,686.0000,717.0000,4974563
3750,2026-05-29,722.0000,752.0000,716.0000,744.5000,7192189
3750,2026-06-01,749.0000,772.0000,747.5000,753.5000,4126684
3750,2026-06-02,775.0000,792.5000,763.0000,779.5000,3331922
3750,2026-06-03,779.5000,794.5000,766.0000,778.0000,3773219
3750,2026-06-04,792.0000,792.0000,718.5000,723.5000,4997462
3750,2026-06-05,735.0000,735.0000,704.0000,711.0000,6565226
3750,2026-06-08,698.5000,704.5000,676.0000,683.0000,4632590
3750,2026-06-09,682.5000,700.5000,668.5000,691.0000,2658300
3750,2026-06-10,678.5000,686.5000,648.0000,653.5000,4181549
3750,2026-06-11,653.5000,672.0000,640.5000,662.0000,4836048
3750,2026-06-12,675.0000,686.0000,665.0000,672.5000,4058763
3750,2026-06-15,682.5000,708.5000,682.0000,705.0000,3683932
3750,2026-06-16,714.0000,727.5000,708.0000,716.0000,2592858
3750,2026-06-17,716.0000,717.0000,700.0000,711.0000,2243840
3750,2026-06-18,713.0000,733.0000,698.0000,708.5000,3085764
3750,2026-06-22,713.5000,755.0000,697.0000,742.0000,4517203
3750,2026-06-23,765.5000,766.5000,696.5000,704.0000,3977786
3750,2026-06-24,704.0000,723.0000,698.5000,721.5000,2129738
3750,2026-06-25,730.0000,731.0000,701.5000,716.5000,2293063
3750,2026-06-26,716.5000,722.0000,668.0000,680.5000,3039473
3750,2026-06-29,685.0000,699.0000,667.0000,695.0000,2686042
3750,2026-06-30,700.0000,711.5000,696.0000,702.0000,1533833
3750,2026-07-02,703.5000,704.0000,670.0000,681.0000,3844090
3750,2026-07-03,681.0000,695.0000,670.0000,675.5000,2767101
3750,2026-07-06,672.5000,680.5000,658.0000,668.0000,1898157
3750,2026-07-07,660.0000,672.5000,645.0000,652.0000,2059391
3750,2026-07-08,652.0000,656.5000,623.0000,628.0000,4014916
3750,2026-07-09,632.0000,641.0000,622.0000,637.5000,3018062
3750,2026-07-10,647.5000,647.5000,581.5000,587.0000,6189039
3750,2026-07-13,580.0000,607.0000,576.5000,603.0000,3306585
3750,2026-07-14,603.0000,615.0000,587.0000,605.5000,3692863
3750,2026-07-15,626.5000,629.0000,612.0000,622.0000,3675814
3750,2026-07-16,625.5000,626.0000,605.0000,621.0000,3243103
3750,2026-07-17,624.0000,635.0000,597.5000,606.5000,3312007
3750,2026-07-20,612.0000,627.0000,598.5000,618.5000,2192472
3750,2026-07-21,616.0000,637.0000,609.0000,626.0000,2079096
3750,2026-07-22,631.5000,631.5000,605.0000,609.5000,1924801
3750,2026-07-23,609.5000,629.0000,599.5000,626.5000,2004860
3750,2026-07-24,626.5000,631.5000,614.5000,622.0000,1856341
3750,2026-07-27,640.0000,650.0000,605.0000,635.0000,4991673
3750,2026-07-28,640.0000,640.0000,601.0000,603.5000,3663481
3750,2026-07-29,608.0000,621.0000,593.5000,619.5000,2448009
3750,2026-07-30,620.0000,629.0000,608.5000,621.0000,2188367
3750,2026-07-31,630.0000,638.5000,615.5000,622.5000,1746029
3750,2026-08-03,628.0000,630.0000,617.5000,625.0000,1009501
3750,2026-08-04,632.0000,653.0000,629.0000,649.5000,2865413
3750,2026-08-05,655.5000,672.0000,649.0000,663.0000,2197966
3750,2026-08-06,692.0000,692.0000,623.0000,628.0000,3887480
3750,2026-08-07,627.0000,643.5000,625.0000,632.5000,1757466
3750,2026-08-10,631.0000,643.0000,626.5000,641.0000,1202424
3750,2026-08-11,641.0000,667.0000,641.0000,651.5000,2414318
3750,2026-08-12,644.0000,655.0000,632.0000,654.0000,1405896
3750,2026-08-13,651.0000,664.5000,647.0000,652.5000,1489867
3750,2026-08-14,652.5000,658.0000,639.0000,641.5000,1163891
3750,2026-08-17,641.5000,658.5000,638.0000,652.0000,1087767
3750,2026-08-18,650.0000,660.0000,635.5000,650.5000,1381038
3750,2026-08-19,643.0000,649.5000,626.5000,628.5000,1560633
3750,2026-08-20,633.5000,636.0000,627.0000,629.0000,1010503
3750,2026-08-21,638.0000,655.5000,630.5000,652.5000,1788699
3750,2026-08-24,652.5000,653.0000,636.0000,638.5000,1105834
3750,2026-08-25,638.5000,640.5000,618.0000,621.0000,1863051
3750,2026-08-26,621.0000,632.0000,616.5000,618.0000,1590742
3750,2026-08-27,617.5000,620.0000,609.0000,613.5000,1876198
3750,2026-08-28,620.0000,622.0000,608.0000,616.5000,1659287
3750,2026-08-31,608.0000,610.5000,590.0000,599.5000,2367199
3750,2026-09-01,599.5000,602.0000,590.0000,592.0000,2172493
3750,2026-09-02,588.0000,590.0000,563.5000,564.5000,4467209
3750,2026-09-03,574.5000,579.0000,565.0000,567.5000,1770817
3750,2026-09-04,578.0000,582.0000,572.5000,574.5000,1958719
3750,2026-09-07,578.0000,578.5000,570.5000,572.5000,1988567
3750,2026-09-08,570.5000,574.0000,546.5000,562.0000,3693894
3750,2026-09-09,562.0000,564.0000,552.0000,562.0000,2715447
3750,2026-09-10,555.5000,563.0000,552.0000,561.5000,1443963
3750,2026-09-11,554.0000,555.0000,540.0000,547.5000,2475275
3750,2026-09-14,547.5000,557.0000,545.0000,549.0000,1361328
3750,2026-09-15,545.5000,547.5000,510.0000,516.0000,5768204
3750,2026-09-16,505.5000,508.0000,486.4000,501.0000,7580754
3750,2026-09-17,498.0000,511.5000,496.6000,507.0000,3065147
3750,2026-09-18,511.0000,518.0000,501.0000,507.0000,3550167
3750,2026-09-21,507.0000,517.5000,496.4000,504.0000,2620573
3750,2026-09-22,501.5000,516.0000,501.5000,507.0000,3060326
3750,2026-09-23,505.0000,516.0000,500.5000,511.5000,2550260
3750,2026-09-24,511.5000,511.5000,486.4000,492.8000,4436250
3750,2026-09-25,490.2000,495.0000,481.0000,489.4000,2144018
3750,2026-09-28,484.0000,488.4000,473.6000,484.6000,2344739
3750,2026-09-29,484.6000,487.6000,479.2000,482.2000,2382637
3750,2026-09-30,481.6000,487.8000,475.0000,484.2000,2680797
3750,2026-10-02,468.2000,479.0000,458.0000,476.8000,4021430
3750,2026-10-05,476.8000,489.0000,475.0000,483.4000,2107667
3750,2026-10-06,487.0000,492.0000,484.8000,488.6000,1285897
3750,2026-10-07,490.8000,490.8000,480.8000,486.4000,1916134
3750,2026-10-08,491.0000,499.0000,478.2000,479.0000,1228988
4004,2026-02-03,8998.0000,9325.0000,8972.0000,9325.0000,2475700
4004,2026-02-04,9126.0000,9440.0000,9019.0000,9351.0000,2440600
4004,2026-02-05,9195.0000,9242.0000,8761.0000,8804.0000,3164100
4004,2026-02-06,8612.0000,8789.0000,8539.0000,8789.0000,2052500
4004,2026-02-09,9239.0000,9480.0000,9106.0000,9217.0000,2804700
4004,2026-02-10,9436.0000,9659.0000,9406.0000,9518.0000,1917400
4004,2026-02-12,9800.0000,10350.0000,9800.0000,10135.0000,4119800
4004,2026-02-13,9900.0000,10320.0000,9832.0000,10140.0000,3079600
4004,2026-02-16,10545.0000,10835.0000,10085.0000,10490.0000,4327600
4004,2026-02-17,10240.0000,10510.0000,10055.0000,10510.0000,2041000
4004,2026-02-18,10475.0000,10630.0000,10205.0000,10380.0000,2209400
4004,2026-02-19,10570.0000,10945.0000,10525.0000,10860.0000,2674200
4004,2026-02-20,10580.0000,11280.0000,10540.0000,11220.0000,2517400
4004,2026-02-24,11780.0000,11900.0000,11340.0000,11900.0000,3677700
4004,2026-02-25,11600.0000,12140.0000,11550.0000,11880.0000,4439100
4004,2026-02-26,12195.0000,12220.0000,11240.0000,11425.0000,4072300
4004,2026-02-27,11210.0000,11930.0000,11135.0000,11930.0000,2994500
4004,2026-03-02,11880.0000,12500.0000,11635.0000,12490.0000,3540400
4004,2026-03-03,12565.0000,13970.0000,12490.0000,12540.0000,6554900
4004,2026-03-04,11640.0000,12400.0000,11420.0000,11760.0000,5034100
4004,2026-03-05,12000.0000,12655.0000,11760.0000,11990.0000,4974100
4004,2026-03-06,11800.0000,12425.0000,11660.0000,12190.0000,3378700
4004,2026-03-09,10690.0000,11145.0000,10220.0000,10655.0000,4639500
4004,2026-03-10,10955.0000,11440.0000,10600.0000,10800.0000,4630500
4004,2026-03-11,11690.0000,12295.0000,11600.0000,11925.0000,4383300
4004,2026-03-12,11565.0000,11860.0000,11410.0000,11515.0000,2973800
4004,2026-03-13,10915.0000,11590.0000,10890.0000,11100.0000,2811300
4004,2026-03-16,10950.0000,11220.0000,10750.0000,11060.0000,2273500
4004,2026-03-17,11300.0000,11425.0000,10620.0000,10620.0000,2659300
4004,2026-03-18,11040.0000,11500.0000,10900.0000,11500.0000,2642300
4004,2026-03-19,11100.0000,11270.0000,10710.0000,11205.0000,2994600
4004,2026-03-23,10385.0000,10530.0000,10160.0000,10420.0000,2874900
4004,2026-03-24,10915.0000,10935.0000,10280.0000,10565.0000,3588900
4004,2026-03-25,11340.0000,11345.0000,10690.0000,10775.0000,2672700
4004,2026-03-26,10940.0000,11220.0000,10720.0000,11010.0000,2405000
4004,2026-03-27,10710.0000,10790.0000,10340.0000,10755.0000,2260600
4004,2026-03-30,10175.0000,10435.0000,9960.0000,10435.0000,2618400
4004,2026-03-31,9835.0000,10205.0000,9654.0000,9802.0000,3987400
4004,2026-04-01,10450.0000,10740.0000,10280.0000,10740.0000,2542400
4004,2026-04-02,10690.0000,10890.0000,10135.0000,10555.0000,3143700
4004,2026-04-03,11150.0000,11420.0000,11010.0000,11300.0000,2668500
4004,2026-04-06,11350.0000,12165.0000,11300.0000,11845.0000,3355700
4004,2026-04-07,11840.0000,11865.0000,11525.0000,11785.0000,2394500
4004,2026-04-08,12745.0000,12995.0000,12610.0000,12770.0000,3556800
4004,2026-04-09,12850.0000,13235.0000,12575.0000,13030.0000,3320100
4004,2026-04-10,13500.0000,13830.0000,13350.0000,13405.0000,2357200
4004,2026-04-13,13000.0000,13310.0000,12935.0000,13300.0000,2217900
4004,2026-04-14,13660.0000,13760.0000,13440.0000,13490.0000,2121800
4004,2026-04-15,13580.0000,13710.0000,12775.0000,12875.0000,2680600
4004,2026-04-16,13000.0000,13315.0000,12945.0000,13200.0000,1422700
4004,2026-04-17,13000.0000,13075.0000,12425.0000,12460.0000,2094100
4004,2026-04-20,12600.0000,12785.0000,12440.0000,12500.0000,1539300
4004,2026-04-21,12730.0000,13545.0000,12710.0000,13330.0000,2825800
4004,2026-04-22,13860.0000,14530.0000,13750.0000,14455.0000,5223800
4004,2026-04-23,14520.0000,14520.0000,13475.0000,13750.0000,3961500
4004,2026-04-24,13930.0000,14550.0000,13755.0000,13770.0000,3952800
4004,2026-04-27,13850.0000,14160.0000,13725.0000,13990.0000,2354700
4004,2026-04-28,13700.0000,14155.0000,13630.0000,14155.0000,2085700
4004,2026-04-30,13870.0000,14335.0000,13820.0000,14215.0000,2221600
4004,2026-05-01,14290.0000,14410.0000,13920.0000,14045.0000,1771800
4004,2026-05-07,15035.0000,15700.0000,15010.0000,15590.0000,4158600
4004,2026-05-08,15190.0000,16085.0000,15180.0000,16000.0000,2827400
4004,2026-05-11,16480.0000,16935.0000,16245.0000,16850.0000,3987800
4004,2026-05-12,17510.0000,17925.0000,17165.0000,17815.0000,4272400
4004,2026-05-13,17110.0000,18150.0000,17080.0000,17815.0000,4870500
4004,2026-05-14,20005.0000,20495.0000,18050.0000,18690.0000,7539400
4004,2026-05-15,18980.0000,19000.0000,17010.0000,17200.0000,4930400
4004,2026-05-18,17200.0000,17600.0000,16690.0000,16690.0000,3620100
4004,2026-05-19,16540.0000,16890.0000,15805.0000,16300.0000,3039700
4004,2026-05-20,16290.0000,16630.0000,15780.0000,15910.0000,2929800
4004,2026-05-21,16660.0000,17485.0000,16160.0000,17310.0000,4153300
4004,2026-05-22,17370.0000,18310.0000,17255.0000,18010.0000,4156900
4004,2026-05-25,18890.0000,20195.0000,18510.0000,19450.0000,4334200
4004,2026-05-26,19535.0000,20040.0000,18965.0000,19070.0000,3426200
4004,2026-05-27,19870.0000,19945.0000,18955.0000,19100.0000,3310100
4004,2026-05-28,18875.0000,19150.0000,17760.0000,18500.0000,4344800
4004,2026-05-29,18980.0000,18980.0000,17840.0000,18720.0000,14244600
4004,2026-06-01,18320.0000,18830.0000,17920.0000,18430.0000,2493800
4004,2026-06-02,18560.0000,18620.0000,16930.0000,17825.0000,3219800
4004,2026-06-03,19400.0000,19450.0000,18660.0000,18700.0000,3537100
4004,2026-06-04,18595.0000,18735.0000,17520.0000,17860.0000,2720300
4004,2026-06-05,17295.0000,17670.0000,16765.0000,17315.0000,2100000
4004,2026-06-08,15585.0000,16415.0000,15540.0000,15970.0000,3666000
4004,2026-06-09,16135.0000,16765.0000,15630.0000,16560.0000,2989100
4004,2026-06-10,16350.0000,16660.0000,15170.0000,15335.0000,2931600
4004,2026-06-11,14635.0000,16430.0000,14505.0000,16375.0000,3786500
4004,2026-06-12,17120.0000,17790.0000,16950.0000,16950.0000,4261100
4004,2026-06-15,18100.0000,18665.0000,17780.0000,18395.0000,4237800
4004,2026-06-16,18500.0000,18730.0000,18000.0000,18290.0000,4365600
4004,2026-06-17,17735.0000,18535.0000,17630.0000,18520.0000,2611900
4004,2026-06-18,18695.0000,19285.0000,18250.0000,18420.0000,2873600
4004,2026-06-19,19705.0000,19840.0000,18380.0000,18390.0000,3844400
4004,2026-06-22,18375.0000,19585.0000,18340.0000,19325.0000,2531900
4004,2026-06-23,19500.0000,19825.0000,18350.0000,18350.0000,3320700
4004,2026-06-24,18025.0000,18320.0000,17400.0000,17750.0000,2726400
4004,2026-06-25,18550.0000,18735.0000,17705.0000,17770.0000,2622700
4004,2026-06-26,17465.0000,18060.0000,16675.0000,17330.0000,3130000
4004,2026-06-29,17315.0000,17865.0000,16635.0000,17865.0000,2319000
4004,2026-06-30,17865.0000,18000.0000,17280.0000,17700.0000,1849000
4004,2026-07-01,18400.0000,18850.0000,17965.0000,18680.0000,2895400
4004,2026-07-02,18075.0000,18345.0000,17460.0000,17900.0000,2591200
4004,2026-07-03,16700.0000,17615.0000,16400.0000,17500.0000,3191200
4004,2026-07-06,17520.0000,17680.0000,16340.0000,16750.0000,2339600
4004,2026-07-07,16500.0000,16980.0000,15620.0000,15675.0000,3044900
4004,2026-07-08,14875.0000,16100.0000,14780.0000,15330.0000,2461400
4004,2026-07-09,15850.0000,16160.0000,15575.0000,15750.0000,2001400
4004,2026-07-10,16270.0000,16435.0000,15925.0000,16150.0000,1814000
4004,2026-07-13,16550.0000,16620.0000,15120.0000,15330.0000,2204200
4004,2026-07-14,15100.0000,15555.0000,14880.0000,15415.0000,1895300
4004,2026-07-15,15620.0000,16165.0000,15595.0000,15950.0000,1550900
4004,2026-07-16,15500.0000,15555.0000,14715.0000,14895.0000,1845200
4004,2026-07-17,14310.0000,14480.0000,13410.0000,13910.0000,3120500
4004,2026-07-21,14250.0000,14670.0000,14070.0000,14580.0000,2123200
4004,2026-07-22,15340.0000,16100.0000,15230.0000,15250.0000,2499600
4004,2026-07-23,15845.0000,15965.0000,15295.0000,15395.0000,1371000
4004,2026-07-24,14995.0000,15265.0000,14335.0000,14505.0000,1455100
4004,2026-07-27,14380.0000,14490.0000,13660.0000,13970.0000,2078700
4004,2026-07-28,13155.0000,13225.0000,12285.0000,12365.0000,3088500
4004,2026-07-29,12510.0000,13005.0000,11820.0000,12245.0000,4257700
4004,2026-07-30,12165.0000,12600.0000,11810.0000,12125.0000,3479900
4004,2026-07-31,14525.0000,14540.0000,13525.0000,13725.0000,4295100
4004,2026-08-03,13675.0000,14320.0000,13255.0000,14060.0000,2346900
4004,2026-08-04,14060.0000,14790.0000,13870.0000,14685.0000,2999400
4004,2026-08-05,15415.0000,16260.0000,15270.0000,16175.0000,3792000
4004,2026-08-06,15955.0000,16085.0000,15005.0000,15155.0000,3044200
4004,2026-08-07,16000.0000,17030.0000,15205.0000,16395.0000,7312000
4004,2026-08-10,16330.0000,16945.0000,15970.0000,16335.0000,2805700
4004,2026-08-12,16735.0000,17720.0000,16515.0000,17410.0000,3674700
4004,2026-08-13,17140.0000,18010.0000,16900.0000,17000.0000,3910100
4004,2026-08-14,17300.0000,17360.0000,16330.0000,16465.0000,1963800
4004,2026-08-17,16800.0000,17265.0000,16390.0000,17200.0000,1773100
4004,2026-08-18,17200.0000,17960.0000,16830.0000,16975.0000,2285100
4004,2026-08-19,15800.0000,16355.0000,15510.0000,15900.0000,2276600
4004,2026-08-20,15850.0000,16400.0000,15585.0000,15945.0000,1844400
4004,2026-08-21,15940.0000,16255.0000,15775.0000,16060.0000,1709700
4004,2026-08-24,16065.0000,16165.0000,15380.0000,15775.0000,1639000
4004,2026-08-25,15420.0000,16245.0000,15400.0000,16180.0000,1568800
4004,2026-08-26,16460.0000,16625.0000,15870.0000,15995.0000,1882100
4004,2026-08-27,16790.0000,16990.0000,15860.0000,16390.0000,1778500
4004,2026-08-28,16550.0000,16785.0000,16140.0000,16175.0000,1436900
4004,2026-08-31,15590.0000,15995.0000,15465.0000,15845.0000,2025300
4004,2026-09-01,15815.0000,16170.0000,15560.0000,16020.0000,1690100
4004,2026-09-02,15700.0000,15840.0000,15205.0000,15430.0000,1506300
4004,2026-09-03,15700.0000,16140.0000,15315.0000,15450.0000,1490500
4004,2026-09-04,15640.0000,15925.0000,15285.0000,15530.0000,1529200
4004,2026-09-07,16000.0000,16660.0000,15855.0000,16580.0000,1911600
4004,2026-09-08,16260.0000,16715.0000,15675.0000,15675.0000,1948800
4004,2026-09-09,15940.0000,16420.0000,15720.0000,16070.0000,1598200
4004,2026-09-10,16000.0000,16070.0000,15495.0000,16005.0000,1242100
4004,2026-09-11,15000.0000,15180.0000,14040.0000,14295.0000,2935300
4004,2026-09-14,12925.0000,13505.0000,12885.0000,13440.0000,3737600
4004,2026-09-15,13280.0000,14100.0000,13165.0000,13710.0000,2212000
4004,2026-09-16,13855.0000,14140.0000,13630.0000,14130.0000,1309400
4004,2026-09-17,14065.0000,14170.0000,13435.0000,13560.0000,1907000
4004,2026-09-18,13905.0000,14210.0000,13700.0000,13895.0000,2128600
4004,2026-09-24,14495.0000,15030.0000,14220.0000,14860.0000,2520000
4004,2026-09-25,14820.0000,15090.0000,14505.0000,14960.0000,1916300
4004,2026-09-28,14970.0000,15260.0000,14665.0000,14695.0000,1836500
4004,2026-09-29,14700.0000,14790.0000,14020.0000,14050.0000,525100
4004,2026-09-30,14500.0000,14550.0000,14315.0000,14400.0000,323100
4004,2026-10-01,15000.0000,15225.0000,14945.0000,15080.0000,329300
4004,2026-10-02,16050.0000,16430.0000,15985.0000,16295.0000,899300
4004,2026-10-05,17680.0000,18000.0000,17030.0000,18000.0000,3862700
4004,2026-10-06,17600.0000,17885.0000,17180.0000,17820.0000,1444800
4004,2026-10-07,17655.0000,18360.0000,17555.0000,18020.0000,905700
4004,2026-10-08,17675.0000,18085.0000,17495.0000,17580.0000,735100
4062,2026-02-27,4574.5000,4869.5000,4565.0000,4768.5000,38499200
4062,2026-03-02,4700.0000,4875.0000,4630.0000,4684.0000,12241400
4062,2026-03-03,4675.0000,4708.5000,4283.5000,4309.0000,12670000
4062,2026-03-04,4220.5000,4355.0000,3949.5000,3975.0000,16242800
4062,2026-03-05,4045.5000,4202.0000,3981.5000,4049.5000,20895400
4062,2026-03-06,3975.0000,4082.5000,3888.5000,3940.0000,11368600
4062,2026-03-09,3560.5000,3619.0000,3450.0000,3619.0000,16620000
4062,2026-03-10,3844.5000,3975.0000,3830.5000,3916.5000,11301600
4062,2026-03-11,3991.5000,4057.0000,3898.5000,3898.5000,16836000
4062,2026-03-12,3892.5000,3905.0000,3745.0000,3833.0000,11878600
4062,2026-03-13,3726.0000,3957.5000,3708.5000,3927.0000,10810600
4062,2026-03-16,3927.0000,4111.5000,3910.0000,4074.5000,12511600
4062,2026-03-17,4174.0000,4308.5000,4119.5000,4249.5000,14451000
4062,2026-03-18,4265.5000,4278.5000,4094.0000,4240.5000,10863400
4062,2026-03-19,4106.0000,4176.0000,4032.5000,4134.0000,10781800
4062,2026-03-23,3909.0000,3954.5000,3770.0000,3770.0000,10638600
4062,2026-03-24,4031.5000,4081.5000,3803.5000,3917.5000,10483200
4062,2026-03-25,4073.0000,4249.0000,4059.0000,4239.0000,10641400
4062,2026-03-26,4250.0000,4319.5000,4159.0000,4230.0000,9377400
4062,2026-03-27,4080.0000,4162.0000,3935.0000,4134.5000,9571200
4062,2026-03-30,3856.0000,3890.5000,3732.0000,3888.0000,10553400
4062,2026-03-31,3650.0000,3872.5000,3599.5000,3686.0000,12519400
4062,2026-04-01,3947.0000,4044.0000,3910.5000,4035.0000,11523200
4062,2026-04-02,4050.0000,4103.0000,3820.5000,3887.5000,10893400
4062,2026-04-03,4043.0000,4113.5000,3976.0000,4105.0000,8173000
4062,2026-04-06,4136.5000,4370.0000,4128.5000,4277.0000,9976600
4062,2026-04-07,4325.0000,4449.0000,4245.0000,4359.0000,11995600
4062,2026-04-08,4730.0000,4897.0000,4625.5000,4897.0000,16768000
4062,2026-04-09,4843.5000,4990.0000,4718.5000,4905.0000,14423600
4062,2026-04-10,4911.0000,5025.0000,4886.0000,4944.0000,12564600
4062,2026-04-13,4869.0000,4964.5000,4626.0000,4693.0000,12682000
4062,2026-04-14,4853.5000,4998.5000,4836.0000,4957.5000,11236000
4062,2026-04-15,5040.0000,5055.0000,4607.5000,4690.0000,15183200
4062,2026-04-16,4745.0000,4824.0000,4700.5000,4786.0000,8920800
4062,2026-04-17,4734.0000,4734.0000,4614.0000,4617.5000,7428000
4062,2026-04-20,4573.5000,4812.0000,4534.0000,4787.5000,8498400
4062,2026-04-21,4900.0000,5280.0000,4884.5000,5280.0000,16218200
4062,2026-04-22,5250.0000,5600.0000,5197.5000,5600.0000,15192400
4062,2026-04-23,5655.0000,5757.5000,5435.0000,5567.5000,12833400
4062,2026-04-24,6167.5000,6415.0000,6045.0000,6270.0000,22157200
4062,2026-04-27,6420.0000,6565.0000,6100.0000,6335.0000,18249600
4062,2026-04-28,6350.0000,6490.0000,6177.5000,6280.0000,11627800
4062,2026-04-30,6602.5000,6935.0000,6535.0000,6740.0000,16869600
4062,2026-05-01,6622.5000,6820.0000,6517.5000,6687.5000,10201200
4062,2026-05-07,7580.0000,8187.5000,7402.5000,8187.5000,23173600
4062,2026-05-08,7787.5000,7802.5000,7410.0000,7757.5000,21369400
4062,2026-05-11,8000.0000,8040.0000,7600.0000,7827.5000,17088400
4062,2026-05-12,7850.0000,9182.5000,7617.5000,8275.0000,44586200
4062,2026-05-13,7940.0000,8635.0000,7932.5000,8530.0000,17374200
4062,2026-05-14,8445.0000,9000.0000,8312.5000,8480.0000,17947400
4062,2026-05-15,8640.0000,8717.5000,7640.0000,7830.0000,16615800
4062,2026-05-18,7775.0000,7855.0000,7485.0000,7817.5000,13520600
4062,2026-05-19,7650.0000,8065.0000,7502.5000,7660.0000,13371400
4062,2026-05-20,7515.0000,7832.5000,7325.0000,7820.0000,13725600
4062,2026-05-21,8600.0000,9112.5000,8487.5000,8937.5000,18249800
4062,2026-05-22,9002.5000,9670.0000,8980.0000,9625.0000,17381000
4062,2026-05-25,9825.0000,10637.5000,9767.5000,10465.0000,15256400
4062,2026-05-26,10250.0000,11165.0000,10205.0000,10482.5000,16166600
4062,2026-05-27,10627.5000,10805.0000,10055.0000,10212.5000,14980800
4062,2026-05-28,9962.5000,10422.5000,9567.5000,9870.0000,16774200
4062,2026-05-29,10000.0000,11500.0000,9752.5000,11500.0000,20328200
4062,2026-06-01,11462.5000,11572.5000,10775.0000,10897.5000,20153200
4062,2026-06-02,10897.5000,11335.0000,10132.5000,10567.5000,16169600
4062,2026-06-03,10725.0000,11215.0000,10562.5000,10970.0000,13756600
4062,2026-06-04,10720.0000,10932.5000,9982.5000,10077.5000,12635600
4062,2026-06-05,9255.0000,9582.5000,8975.0000,9380.0000,16331000
4062,2026-06-08,8400.0000,8775.0000,8060.0000,8530.0000,15415600
4062,2026-06-09,8730.0000,9335.0000,8630.0000,9297.5000,19172600
4062,2026-06-10,8897.5000,9187.5000,8555.0000,8700.0000,16223000
4062,2026-06-11,8260.0000,9205.0000,8252.5000,9105.0000,16895600
4062,2026-06-12,9885.0000,10025.0000,9452.5000,9552.5000,19100800
4062,2026-06-15,10402.5000,11400.0000,10282.5000,11375.0000,19633200
4062,2026-06-16,11300.0000,11820.0000,11125.0000,11222.5000,18679000
4062,2026-06-17,10972.5000,12040.0000,10930.0000,12000.0000,18116200
4062,2026-06-18,12240.0000,13195.0000,11925.0000,12857.5000,22983400
4062,2026-06-19,13502.5000,13510.0000,12272.5000,12280.0000,22397600
4062,2026-06-22,12167.5000,13642.5000,12102.5000,13212.5000,21411600
4062,2026-06-23,13250.0000,13475.0000,12187.5000,12192.5000,20186400
4062,2026-06-24,12050.0000,13005.0000,11930.0000,12392.5000,21339800
4062,2026-06-25,12902.5000,13300.0000,12312.5000,13185.0000,17134000
4062,2026-06-26,12685.0000,13402.5000,11987.5000,12000.0000,20716800
4062,2026-06-29,12000.0000,12035.0000,11027.5000,11850.0000,20583600
4062,2026-06-30,12100.0000,12277.5000,11657.5000,11907.5000,14984200
4062,2026-07-01,13000.0000,13740.0000,12562.5000,12892.5000,23206200
4062,2026-07-02,12027.5000,12192.5000,11477.5000,11710.0000,15442800
4062,2026-07-03,10960.0000,11772.5000,10450.0000,11672.5000,17446800
4062,2026-07-06,11675.0000,11797.5000,10457.5000,10695.0000,13448600
4062,2026-07-07,10590.0000,10810.0000,9835.0000,9947.5000,15485000
4062,2026-07-08,9547.5000,10242.5000,9317.5000,9550.0000,17900200
4062,2026-07-09,9950.0000,10257.5000,9590.0000,9760.0000,15785400
4062,2026-07-10,10102.5000,10335.0000,9972.5000,10150.0000,12595600
4062,2026-07-13,9942.5000,10232.5000,9072.5000,9345.0000,15334600
4062,2026-07-14,9145.0000,9342.5000,8515.0000,8990.0000,20797800
4062,2026-07-15,9035.0000,9727.5000,8902.5000,9670.0000,17315000
4062,2026-07-16,9400.0000,9407.5000,8667.5000,8702.5000,15167000
4062,2026-07-17,8302.5000,8395.0000,7430.0000,7842.5000,24206600
4062,2026-07-21,8235.0000,8707.5000,7965.0000,8707.5000,18348400
4062,2026-07-22,9907.5000,9910.0000,8982.5000,9125.0000,20581200
4062,2026-07-23,9325.0000,9325.0000,8895.0000,9037.5000,14206400
4062,2026-07-24,9000.0000,9385.0000,8412.5000,8685.0000,18985200
4062,2026-07-27,8660.0000,8747.5000,8210.0000,8350.0000,14046600
4062,2026-07-28,7700.0000,7795.0000,7235.0000,7427.5000,15770000
4062,2026-07-29,7577.5000,7670.0000,6490.0000,6735.0000,18780400
4062,2026-07-30,6737.5000,7350.0000,6547.5000,6825.0000,20004200
4062,2026-07-31,8325.0000,8325.0000,8325.0000,8325.0000,2127400
4062,2026-08-03,7910.0000,8147.5000,7582.5000,7767.5000,16211200
4062,2026-08-04,8000.0000,8285.0000,7867.5000,8165.0000,20208000
4062,2026-08-05,9965.0000,10165.0000,9577.5000,10165.0000,18021800
4062,2026-08-06,9990.0000,10150.0000,9207.5000,9505.0000,25369600
4062,2026-08-07,9747.5000,10047.5000,9075.0000,9555.0000,19113400
4062,2026-08-10,9510.0000,10535.0000,9447.5000,9940.0000,20107200
4062,2026-08-12,10000.0000,10400.0000,9880.0000,10240.0000,15900200
4062,2026-08-13,10525.0000,11257.5000,10475.0000,10780.0000,21590200
4062,2026-08-14,11250.0000,11250.0000,10215.0000,10392.5000,18188600
4062,2026-08-17,10392.5000,10805.0000,10230.0000,10790.0000,13624000
4062,2026-08-18,10950.0000,11165.0000,10377.5000,10437.5000,14825000
4062,2026-08-19,9737.5000,10272.5000,9675.0000,9857.5000,17401000
4062,2026-08-20,9672.5000,9787.5000,9315.0000,9575.0000,14303800
4062,2026-08-21,9375.0000,9835.0000,9337.5000,9595.0000,11452000
4062,2026-08-24,9467.5000,9662.5000,9205.0000,9397.5000,12204600
4062,2026-08-25,9197.5000,9990.0000,9097.5000,9990.0000,14205800
4062,2026-08-26,9710.0000,10070.0000,9595.0000,10040.0000,12517600
4062,2026-08-27,10500.0000,10705.0000,9815.0000,10272.5000,18197400
4062,2026-08-28,10275.0000,10427.5000,10020.0000,10087.5000,12736000
4062,2026-08-31,9437.5000,10237.5000,9410.0000,10227.5000,12428400
4062,2026-09-01,10067.5000,10470.0000,9910.0000,10272.5000,13148400
4062,2026-09-02,9992.5000,10192.5000,9745.0000,10102.5000,12812400
4062,2026-09-03,10152.5000,10287.5000,9635.0000,9860.0000,17751800
4062,2026-09-04,9925.0000,10250.0000,9692.5000,10237.5000,15881200
4062,2026-09-07,10725.0000,11100.0000,10465.0000,11100.0000,19039600
4062,2026-09-08,11000.0000,11055.0000,10362.5000,10405.0000,16992000
4062,2026-09-09,10602.5000,11185.0000,10472.5000,10710.0000,23194400
4062,2026-09-10,10515.0000,10640.0000,10140.0000,10340.0000,16423200
4062,2026-09-11,9800.0000,9940.0000,9450.0000,9780.0000,16918000
4062,2026-09-14,8802.5000,9580.0000,8607.5000,9570.0000,17224800
4062,2026-09-15,9370.0000,9830.0000,9360.0000,9557.5000,14214000
4062,2026-09-16,9442.5000,9557.5000,9177.5000,9475.0000,13165000
4062,2026-09-17,9675.0000,9722.5000,9060.0000,9237.5000,17326200
4062,2026-09-18,9437.5000,9832.5000,9375.0000,9777.5000,19601800
4062,2026-09-24,10677.5000,11467.5000,10625.0000,11202.5000,24799400
4062,2026-09-25,11240.0000,11880.0000,11152.5000,11672.5000,22917000
4062,2026-09-28,11650.0000,11752.5000,11020.0000,11155.0000,17080800
4062,2026-09-29,11030.0000,11195.0000,10750.0000,11020.0000,7653400
4062,2026-09-30,11280.0000,11280.0000,10790.0000,11030.0000,9789200
4062,2026-10-01,11200.0000,12115.0000,11175.0000,11995.0000,12659600
4062,2026-10-02,11995.0000,12270.0000,11625.0000,12100.0000,11475100
4062,2026-10-05,12400.0000,12580.0000,11945.0000,12265.0000,13985600
4062,2026-10-06,12245.0000,12560.0000,12160.0000,12400.0000,10134700
4062,2026-10-07,12220.0000,12490.0000,12020.0000,12270.0000,8910700
4062,2026-10-08,12130.0000,12385.0000,11920.0000,12055.0000,5492700
4063,2026-02-17,5497.0000,5502.0000,5373.0000,5423.0000,6809300
4063,2026-02-18,5470.0000,5586.0000,5458.0000,5553.0000,5051300
4063,2026-02-19,5640.0000,5752.0000,5620.0000,5745.0000,7383800
4063,2026-02-20,5680.0000,5769.0000,5627.0000,5750.0000,5914500
4063,2026-02-24,5665.0000,5970.0000,5632.0000,5930.0000,9451300
4063,2026-02-25,6006.0000,6019.0000,5854.0000,5934.0000,9617100
4063,2026-02-26,5981.0000,6038.0000,5938.0000,5978.0000,6815000
4063,2026-02-27,6003.0000,6187.0000,5985.0000,6168.0000,10708600
4063,2026-03-02,6140.0000,6323.0000,6073.0000,6323.0000,9560500
4063,2026-03-03,6223.0000,6319.0000,6070.0000,6117.0000,9427300
4063,2026-03-04,6000.0000,6116.0000,5860.0000,5934.0000,9919800
4063,2026-03-05,6034.0000,6426.0000,6010.0000,6226.0000,15628900
4063,2026-03-06,6126.0000,6288.0000,6055.0000,6247.0000,8743300
4063,2026-03-09,5898.0000,5989.0000,5816.0000,5970.0000,13096700
4063,2026-03-10,6018.0000,6167.0000,5985.0000,6098.0000,11025600
4063,2026-03-11,6185.0000,6274.0000,6122.0000,6150.0000,6628700
4063,2026-03-12,6150.0000,6418.0000,6127.0000,6401.0000,12674600
4063,2026-03-13,6301.0000,6533.0000,6273.0000,6531.0000,13581100
4063,2026-03-16,6553.0000,6570.0000,6451.0000,6505.0000,9079200
4063,2026-03-17,6624.0000,6675.0000,6426.0000,6433.0000,8067900
4063,2026-03-18,6531.0000,6740.0000,6504.0000,6720.0000,8883400
4063,2026-03-19,6563.0000,6641.0000,6373.0000,6373.0000,10998400
4063,2026-03-23,5991.0000,6116.0000,5840.0000,6073.0000,17076600
4063,2026-03-24,6273.0000,6297.0000,6015.0000,6060.0000,8234900
4063,2026-03-25,6347.0000,6404.0000,6217.0000,6294.0000,8538900
4063,2026-03-26,6340.0000,6384.0000,6217.0000,6291.0000,7075700
4063,2026-03-27,6200.0000,6245.0000,6125.0000,6140.0000,10144400
4063,2026-03-30,5934.0000,6219.0000,5902.0000,6217.0000,11289900
4063,2026-03-31,6176.0000,6390.0000,6157.0000,6259.0000,12978800
4063,2026-04-01,6459.0000,6505.0000,6313.0000,6505.0000,9274100
4063,2026-04-02,6508.0000,6545.0000,6316.0000,6412.0000,7241600
4063,2026-04-03,6437.0000,6471.0000,6390.0000,6450.0000,4405400
4063,2026-04-06,6466.0000,6613.0000,6438.0000,6523.0000,5253100
4063,2026-04-07,6571.0000,6652.0000,6551.0000,6574.0000,4807800
4063,2026-04-08,6674.0000,6733.0000,6383.0000,6470.0000,18412500
4063,2026-04-09,6485.0000,6558.0000,6422.0000,6506.0000,9355900
4063,2026-04-10,6558.0000,6614.0000,6490.0000,6556.0000,6428200
4063,2026-04-13,6600.0000,6694.0000,6552.0000,6662.0000,8241400
4063,2026-04-14,6696.0000,6696.0000,6573.0000,6695.0000,6472300
4063,2026-04-15,6750.0000,6863.0000,6725.0000,6809.0000,10556400
4063,2026-04-16,6750.0000,6944.0000,6654.0000,6910.0000,8265500
4063,2026-04-17,6830.0000,6996.0000,6772.0000,6907.0000,8437800
4063,2026-04-20,6847.0000,6886.0000,6730.0000,6773.0000,9389000
4063,2026-04-21,6783.0000,6912.0000,6733.0000,6733.0000,8190200
4063,2026-04-22,6710.0000,6742.0000,6634.0000,6642.0000,6503000
4063,2026-04-23,6650.0000,6784.0000,6584.0000,6664.0000,5907500
4063,2026-04-24,6804.0000,6847.0000,6722.0000,6768.0000,5016200
4063,2026-04-27,6850.0000,7018.0000,6780.0000,6949.0000,8365900
4063,2026-04-28,7049.0000,7082.0000,6940.0000,7081.0000,8604800
4063,2026-04-30,7251.0000,7351.0000,7076.0000,7246.0000,17278400
4063,2026-05-01,7115.0000,7285.0000,7054.0000,7104.0000,8745000
4063,2026-05-07,7601.0000,7883.0000,7509.0000,7711.0000,16438600
4063,2026-05-08,7651.0000,7653.0000,7451.0000,7480.0000,10411800
4063,2026-05-11,7557.0000,7668.0000,7509.0000,7574.0000,8717000
4063,2026-05-12,7584.0000,7604.0000,7455.0000,7520.0000,5350500
4063,2026-05-13,7418.0000,7466.0000,7334.0000,7417.0000,6777500
4063,2026-05-14,7382.0000,7593.0000,7363.0000,7476.0000,6194100
4063,2026-05-15,7385.0000,7464.0000,7040.0000,7105.0000,7528300
4063,2026-05-18,7074.0000,7157.0000,6945.0000,7013.0000,5254300
4063,2026-05-19,7045.0000,7071.0000,6928.0000,7032.0000,5504100
4063,2026-05-20,6942.0000,6975.0000,6766.0000,6845.0000,5117500
4063,2026-05-21,6988.0000,7014.0000,6857.0000,6857.0000,6503700
4063,2026-05-22,6900.0000,7065.0000,6834.0000,7034.0000,7917200
4063,2026-05-25,7034.0000,7194.0000,6996.0000,7041.0000,7333900
4063,2026-05-26,7122.0000,7190.0000,7009.0000,7022.0000,7266300
4063,2026-05-27,7250.0000,7572.0000,7219.0000,7406.0000,11120800
4063,2026-05-28,7385.0000,7480.0000,7233.0000,7344.0000,7618800
4063,2026-05-29,7494.0000,7904.0000,7451.0000,7758.0000,15831800
4063,2026-06-01,7700.0000,7930.0000,7660.0000,7793.0000,10529700
4063,2026-06-02,7600.0000,7600.0000,7194.0000,7473.0000,8746700
4063,2026-06-03,7623.0000,7818.0000,7526.0000,7806.0000,8189400
4063,2026-06-04,7542.0000,7730.0000,7492.0000,7641.0000,6730800
4063,2026-06-05,7491.0000,7539.0000,7233.0000,7350.0000,6100000
4063,2026-06-08,6980.0000,7056.0000,6783.0000,6863.0000,7427500
4063,2026-06-09,6963.0000,6966.0000,6743.0000,6836.0000,6302600
4063,2026-06-10,6790.0000,6830.0000,6570.0000,6695.0000,7626000
4063,2026-06-11,6500.0000,6858.0000,6473.0000,6858.0000,8104400
4063,2026-06-12,7056.0000,7218.0000,7025.0000,7188.0000,9888800
4063,2026-06-15,7484.0000,7567.0000,7393.0000,7564.0000,6699500
4063,2026-06-16,7510.0000,7589.0000,7435.0000,7454.0000,5285700
4063,2026-06-17,7447.0000,7595.0000,7372.0000,7549.0000,4866300
4063,2026-06-18,7665.0000,7736.0000,7407.0000,7459.0000,6479100
4063,2026-06-19,7500.0000,7528.0000,7294.0000,7310.0000,8258600
4063,2026-06-22,7160.0000,7377.0000,7139.0000,7307.0000,7060600
4063,2026-06-23,7277.0000,7419.0000,7216.0000,7301.0000,8613500
4063,2026-06-24,7001.0000,7153.0000,6955.0000,7100.0000,6914900
4063,2026-06-25,7234.0000,7268.0000,7074.0000,7150.0000,5954800
4063,2026-06-26,7000.0000,7055.0000,6835.0000,6835.0000,8927500
4063,2026-06-29,6893.0000,6942.0000,6733.0000,6942.0000,5772100
4063,2026-06-30,7058.0000,7058.0000,6932.0000,7008.0000,5376100
4063,2026-07-01,7081.0000,7285.0000,6975.0000,7259.0000,9180400
4063,2026-07-02,7180.0000,7195.0000,6992.0000,7024.0000,7304400
4063,2026-07-03,6874.0000,6993.0000,6789.0000,6958.0000,6711900
4063,2026-07-06,7058.0000,7420.0000,7050.0000,7415.0000,11929500
4063,2026-07-07,7377.0000,7460.0000,7115.0000,7158.0000,7655100
4063,2026-07-08,7111.0000,7128.0000,6920.0000,6920.0000,6562800
4063,2026-07-09,6900.0000,7010.0000,6890.0000,7010.0000,6080200
4063,2026-07-10,7255.0000,7403.0000,7216.0000,7320.0000,8345700
4063,2026-07-13,7390.0000,7655.0000,7309.0000,7340.0000,8068800
4063,2026-07-14,7295.0000,7502.0000,7256.0000,7471.0000,5958400
4063,2026-07-15,7582.0000,7690.0000,7482.0000,7690.0000,6309000
4063,2026-07-16,7451.0000,7502.0000,7287.0000,7361.0000,5529200
4063,2026-07-17,7210.0000,7247.0000,6984.0000,7157.0000,7502200
4063,2026-07-21,7205.0000,7230.0000,7086.0000,7205.0000,5261900
4063,2026-07-22,7233.0000,7367.0000,7072.0000,7075.0000,6291800
4063,2026-07-23,7180.0000,7219.0000,6943.0000,6970.0000,8507400
4063,2026-07-24,6833.0000,6840.0000,6603.0000,6702.0000,7678900
4063,2026-07-27,6473.0000,6520.0000,6137.0000,6146.0000,14869000
4063,2026-07-28,6000.0000,6176.0000,5846.0000,5872.0000,15490100
4063,2026-07-29,5835.0000,5945.0000,5636.0000,5690.0000,12006700
4063,2026-07-30,5712.0000,5879.0000,5696.0000,5756.0000,10102300
4063,2026-07-31,5917.0000,6042.0000,5800.0000,5800.0000,18785700
4063,2026-08-03,5900.0000,5900.0000,5674.0000,5845.0000,9143400
4063,2026-08-04,5859.0000,5992.0000,5850.0000,5987.0000,6864900
4063,2026-08-05,6004.0000,6213.0000,6004.0000,6163.0000,8860900
4063,2026-08-06,6093.0000,6234.0000,6090.0000,6167.0000,6777500
4063,2026-08-07,6200.0000,6283.0000,6024.0000,6116.0000,6430700
4063,2026-08-10,6224.0000,6327.0000,6197.0000,6286.0000,6667400
4063,2026-08-12,6330.0000,6410.0000,6300.0000,6410.0000,6278500
4063,2026-08-13,6465.0000,6484.0000,6365.0000,6378.0000,4862800
4063,2026-08-14,6478.0000,6508.0000,6361.0000,6372.0000,6102200
4063,2026-08-17,6390.0000,6408.0000,6326.0000,6385.0000,4280400
4063,2026-08-18,6343.0000,6405.0000,6221.0000,6242.0000,5242300
4063,2026-08-19,6133.0000,6177.0000,6068.0000,6090.0000,6766300
4063,2026-08-20,6190.0000,6199.0000,6088.0000,6161.0000,5110100
4063,2026-08-21,6100.0000,6117.0000,6025.0000,6051.0000,5191500
4063,2026-08-24,6051.0000,6087.0000,6019.0000,6051.0000,4659600
4063,2026-08-25,6021.0000,6064.0000,5983.0000,6005.0000,5650600
4063,2026-08-26,5936.0000,5993.0000,5933.0000,5967.0000,5248700
4063,2026-08-27,6013.0000,6030.0000,5923.0000,5993.0000,4584500
4063,2026-08-28,6053.0000,6068.0000,6001.0000,6001.0000,5614200
4063,2026-08-31,5956.0000,6028.0000,5925.0000,6023.0000,5822200
4063,2026-09-01,6000.0000,6050.0000,5968.0000,5968.0000,4933800
4063,2026-09-02,5868.0000,5905.0000,5785.0000,5870.0000,8452700
4063,2026-09-03,5900.0000,5914.0000,5841.0000,5859.0000,4829400
4063,2026-09-04,5805.0000,5860.0000,5786.0000,5786.0000,6593000
4063,2026-09-07,5835.0000,5862.0000,5798.0000,5818.0000,5656500
4063,2026-09-08,5798.0000,5806.0000,5702.0000,5702.0000,7633800
4063,2026-09-09,5677.0000,5752.0000,5671.0000,5719.0000,7915400
4063,2026-09-10,5705.0000,5769.0000,5690.0000,5762.0000,6121800
4063,2026-09-11,5634.0000,5739.0000,5631.0000,5738.0000,7659000
4063,2026-09-14,5678.0000,5750.0000,5628.0000,5750.0000,5632400
4063,2026-09-15,5722.0000,5755.0000,5684.0000,5693.0000,4637600
4063,2026-09-16,5749.0000,5823.0000,5723.0000,5820.0000,5332500
4063,2026-09-17,5836.0000,5845.0000,5733.0000,5762.0000,5873900
4063,2026-09-18,5845.0000,5858.0000,5761.0000,5844.0000,8964200
4063,2026-09-24,5795.0000,5921.0000,5795.0000,5903.0000,8816000
4063,2026-09-25,5852.0000,5920.0000,5839.0000,5889.0000,5372200
4063,2026-09-28,5845.0000,5890.0000,5812.0000,5814.0000,8220300
4063,2026-09-29,5732.0000,5765.0000,5718.0000,5737.0000,1146500
4063,2026-09-30,5790.0000,5876.0000,5779.0000,5863.0000,1045400
4063,2026-10-01,5943.0000,6007.0000,5930.0000,5988.0000,1085800
4063,2026-10-02,5927.0000,6029.0000,5915.0000,6020.0000,1346700
4063,2026-10-05,6150.0000,6218.0000,6128.0000,6218.0000,6995600
4063,2026-10-06,6234.0000,6286.0000,6187.0000,6277.0000,2387200
4063,2026-10-07,6295.0000,6307.0000,6225.0000,6261.0000,1341800
4063,2026-10-08,6180.0000,6196.0000,6146.0000,6170.0000,1030900
5019,2026-02-27,1434.0000,1495.0000,1419.0000,1491.0000,6645900
5019,2026-03-02,1552.5000,1561.5000,1491.5000,1518.5000,7555900
5019,2026-03-03,1510.0000,1514.0000,1447.5000,1472.0000,5923500
5019,2026-03-04,1424.5000,1427.5000,1363.0000,1387.5000,5409000
5019,2026-03-05,1417.5000,1462.0000,1398.5000,1458.0000,5896700
5019,2026-03-06,1432.5000,1449.5000,1419.5000,1427.0000,4991200
5019,2026-03-09,1401.0000,1421.5000,1377.0000,1387.0000,5324600
5019,2026-03-10,1400.0000,1443.5000,1392.0000,1431.5000,4457500
5019,2026-03-11,1439.0000,1453.5000,1434.0000,1439.5000,2863100
5019,2026-03-12,1440.0000,1441.0000,1418.5000,1440.5000,3268900
5019,2026-03-13,1426.5000,1483.0000,1422.5000,1462.0000,4383600
5019,2026-03-16,1471.5000,1474.0000,1439.5000,1441.5000,3395600
5019,2026-03-17,1440.0000,1487.0000,1438.0000,1478.0000,3236900
5019,2026-03-18,1489.5000,1543.0000,1487.0000,1536.5000,3582400
5019,2026-03-19,1510.0000,1525.0000,1475.0000,1479.0000,5338900
5019,2026-03-23,1412.0000,1431.0000,1393.0000,1407.5000,5509100
5019,2026-03-24,1449.5000,1476.0000,1439.5000,1460.0000,3748100
5019,2026-03-25,1513.0000,1517.0000,1476.5000,1488.5000,4293500
5019,2026-03-26,1509.0000,1528.0000,1504.0000,1528.0000,3660300
5019,2026-03-27,1535.0000,1557.5000,1517.0000,1553.5000,4338200
5019,2026-03-30,1500.0000,1562.0000,1494.5000,1557.5000,5656900
5019,2026-03-31,1565.5000,1579.0000,1529.0000,1541.5000,5443700
5019,2026-04-01,1551.0000,1598.0000,1548.5000,1595.5000,5162700
5019,2026-04-02,1588.5000,1603.5000,1552.0000,1560.0000,4702500
5019,2026-04-03,1567.5000,1596.5000,1567.0000,1595.0000,2624000
5019,2026-04-06,1595.0000,1649.0000,1592.0000,1627.0000,3685600
5019,2026-04-07,1633.5000,1671.0000,1633.5000,1659.0000,5616800
5019,2026-04-08,1659.0000,1669.0000,1561.5000,1561.5000,9112900
5019,2026-04-09,1571.0000,1602.5000,1522.0000,1558.5000,7882100
5019,2026-04-10,1558.5000,1576.5000,1537.0000,1544.0000,4074200
5019,2026-04-13,1562.0000,1580.5000,1538.0000,1545.5000,2946500
5019,2026-04-14,1525.0000,1545.5000,1495.0000,1536.0000,3772800
5019,2026-04-15,1524.0000,1539.0000,1498.0000,1509.0000,4061100
5019,2026-04-16,1509.0000,1524.5000,1505.0000,1505.0000,3094200
5019,2026-04-17,1511.0000,1516.5000,1487.5000,1487.5000,3527000
5019,2026-04-20,1487.0000,1492.5000,1443.0000,1444.5000,4176900
5019,2026-04-21,1447.0000,1450.0000,1411.5000,1411.5000,4973500
5019,2026-04-22,1415.0000,1421.5000,1385.0000,1385.0000,4936300
5019,2026-04-23,1325.0000,1352.5000,1324.0000,1345.5000,5735900
5019,2026-04-24,1348.0000,1360.0000,1335.5000,1336.0000,4462900
5019,2026-04-27,1322.0000,1334.5000,1300.0000,1315.0000,3600600
5019,2026-04-28,1332.5000,1350.5000,1326.5000,1348.0000,3745900
5019,2026-04-30,1374.0000,1380.0000,1335.5000,1348.5000,8432600
5019,2026-05-01,1348.5000,1370.0000,1325.5000,1370.0000,4688500
5019,2026-05-07,1349.0000,1385.0000,1339.5000,1370.0000,6407600
5019,2026-05-08,1370.0000,1374.5000,1326.5000,1340.5000,5627400
5019,2026-05-11,1328.5000,1365.5000,1323.0000,1360.0000,3701300
5019,2026-05-12,1372.0000,1409.5000,1370.5000,1394.0000,4718800
5019,2026-05-13,1320.0000,1406.0000,1319.0000,1389.0000,8769600
5019,2026-05-14,1387.5000,1425.5000,1366.0000,1417.5000,6963600
5019,2026-05-15,1417.5000,1447.5000,1404.5000,1428.0000,6853600
5019,2026-05-18,1434.0000,1446.0000,1365.5000,1365.5000,5863400
5019,2026-05-19,1388.0000,1394.5000,1352.5000,1376.5000,4699300
5019,2026-05-20,1376.5000,1393.5000,1370.5000,1374.5000,4665700
5019,2026-05-21,1356.5000,1371.5000,1336.5000,1346.0000,3702000
5019,2026-05-22,1330.5000,1338.5000,1320.5000,1332.0000,4180400
5019,2026-05-25,1332.0000,1341.5000,1302.5000,1313.0000,3597500
5019,2026-05-26,1303.0000,1310.0000,1285.0000,1306.0000,3226800
5019,2026-05-27,1306.0000,1329.5000,1305.5000,1326.5000,4124300
5019,2026-05-28,1300.5000,1322.0000,1300.0000,1314.5000,8683900
5019,2026-05-29,1298.0000,1398.5000,1296.0000,1398.5000,11955600
5019,2026-06-01,1384.5000,1390.5000,1333.0000,1357.0000,4699300
5019,2026-06-02,1330.0000,1368.0000,1318.0000,1354.5000,5527800
5019,2026-06-03,1382.0000,1415.0000,1360.5000,1407.5000,5315700
5019,2026-06-04,1407.5000,1409.0000,1386.0000,1397.0000,3359600
5019,2026-06-05,1407.0000,1413.0000,1373.0000,1381.0000,3641300
5019,2026-06-08,1364.5000,1377.5000,1336.5000,1348.5000,4287600
5019,2026-06-09,1361.0000,1378.0000,1338.5000,1339.0000,5626100
5019,2026-06-10,1327.5000,1342.5000,1320.5000,1332.0000,3746500
5019,2026-06-11,1346.0000,1369.5000,1333.0000,1344.0000,3531900
5019,2026-06-12,1359.0000,1365.0000,1301.0000,1314.5000,5523600
5019,2026-06-15,1329.0000,1362.5000,1318.5000,1331.5000,3327700
5019,2026-06-16,1308.5000,1320.0000,1287.5000,1287.5000,3618200
5019,2026-06-17,1284.5000,1293.0000,1251.0000,1284.5000,4040400
5019,2026-06-18,1294.0000,1295.0000,1243.5000,1246.0000,4125300
5019,2026-06-19,1237.0000,1259.5000,1216.5000,1259.5000,10404900
5019,2026-06-22,1256.0000,1264.5000,1237.5000,1254.0000,3371900
5019,2026-06-23,1268.0000,1271.5000,1244.5000,1250.0000,4558800
5019,2026-06-24,1249.0000,1252.0000,1229.5000,1233.0000,3508600
5019,2026-06-25,1278.5000,1281.0000,1203.5000,1209.5000,4715400
5019,2026-06-26,1224.0000,1229.5000,1209.0000,1223.5000,3458300
5019,2026-06-29,1218.5000,1227.0000,1204.0000,1206.5000,6808700
5019,2026-06-30,1224.5000,1226.0000,1189.0000,1198.0000,5390200
5019,2026-07-01,1198.5000,1202.5000,1175.5000,1186.5000,3475400
5019,2026-07-02,1194.5000,1209.0000,1186.5000,1203.0000,3373700
5019,2026-07-03,1215.5000,1222.0000,1207.0000,1214.5000,3590400
5019,2026-07-06,1220.0000,1246.5000,1216.0000,1243.5000,2549500
5019,2026-07-07,1250.0000,1252.5000,1228.5000,1235.5000,3805100
5019,2026-07-08,1252.0000,1255.5000,1231.0000,1236.5000,3527500
5019,2026-07-09,1248.0000,1255.5000,1228.5000,1243.0000,3617500
5019,2026-07-10,1254.5000,1255.0000,1232.0000,1240.0000,3528500
5019,2026-07-13,1250.5000,1257.5000,1241.5000,1246.5000,3061500
5019,2026-07-14,1256.5000,1273.5000,1247.0000,1270.5000,3089700
5019,2026-07-15,1278.5000,1290.0000,1269.5000,1279.5000,3514400
5019,2026-07-16,1267.0000,1281.5000,1259.5000,1262.5000,2723700
5019,2026-07-17,1255.0000,1264.5000,1235.0000,1241.0000,3461200
5019,2026-07-21,1276.0000,1303.0000,1272.5000,1292.5000,4311600
5019,2026-07-22,1285.0000,1319.5000,1281.0000,1316.0000,3542300
5019,2026-07-23,1316.0000,1327.5000,1312.0000,1325.0000,3147300
5019,2026-07-24,1338.5000,1352.0000,1327.0000,1333.5000,4190100
5019,2026-07-27,1326.0000,1335.5000,1308.0000,1314.0000,3559900
5019,2026-07-28,1322.0000,1323.0000,1292.0000,1307.0000,3468500
5019,2026-07-29,1313.0000,1328.5000,1306.5000,1321.0000,3923000
5019,2026-07-30,1326.0000,1327.0000,1301.5000,1308.5000,2876400
5019,2026-07-31,1303.5000,1316.5000,1298.5000,1311.0000,3884800
5019,2026-08-03,1300.0000,1305.0000,1254.5000,1267.0000,3348400
5019,2026-08-04,1265.0000,1271.0000,1245.5000,1249.5000,2757300
5019,2026-08-05,1244.5000,1255.0000,1231.0000,1241.0000,4679600
5019,2026-08-06,1230.0000,1265.0000,1228.0000,1258.5000,3226200
5019,2026-08-07,1304.0000,1330.0000,1293.5000,1321.0000,4472500
5019,2026-08-10,1323.0000,1330.0000,1285.5000,1294.5000,4124200
5019,2026-08-12,1324.5000,1329.0000,1292.5000,1297.0000,4244600
5019,2026-08-13,1296.0000,1305.0000,1282.0000,1283.0000,3803000
5019,2026-08-14,1285.5000,1307.5000,1269.5000,1306.5000,4044300
5019,2026-08-17,1315.0000,1332.5000,1310.5000,1330.0000,2773500
5019,2026-08-18,1329.5000,1381.5000,1329.5000,1370.5000,4674400
5019,2026-08-19,1360.0000,1364.5000,1323.5000,1337.0000,5427900
5019,2026-08-20,1338.0000,1361.0000,1331.0000,1349.5000,4347300
5019,2026-08-21,1349.0000,1383.5000,1340.0000,1383.5000,4420000
5019,2026-08-24,1381.5000,1381.5000,1354.5000,1378.5000,3033900
5019,2026-08-25,1376.5000,1397.0000,1372.5000,1378.5000,3110300
5019,2026-08-26,1373.0000,1374.0000,1349.0000,1357.5000,2868500
5019,2026-08-27,1375.0000,1381.0000,1360.0000,1370.0000,2737800
5019,2026-08-28,1366.0000,1388.5000,1359.0000,1379.5000,2724900
5019,2026-08-31,1392.5000,1420.0000,1379.5000,1420.0000,6692200
5019,2026-09-01,1411.5000,1482.5000,1411.5000,1482.5000,6087700
5019,2026-09-02,1484.0000,1501.0000,1461.0000,1462.0000,6582200
5019,2026-09-03,1490.0000,1506.5000,1480.0000,1489.5000,4992400
5019,2026-09-04,1509.0000,1512.5000,1462.0000,1470.0000,5203300
5019,2026-09-07,1490.0000,1512.0000,1480.0000,1499.0000,3545700
5019,2026-09-08,1504.5000,1552.0000,1495.5000,1543.0000,5964300
5019,2026-09-09,1605.0000,1660.0000,1597.0000,1660.0000,8406000
5019,2026-09-10,1698.0000,1708.5000,1629.0000,1650.5000,7459600
5019,2026-09-11,1645.0000,1666.0000,1624.0000,1648.0000,7416300
5019,2026-09-14,1661.0000,1698.0000,1627.0000,1638.0000,4938400
5019,2026-09-15,1610.5000,1626.5000,1587.0000,1601.0000,5333900
5019,2026-09-16,1640.0000,1696.5000,1639.0000,1670.0000,5744500
5019,2026-09-17,1637.0000,1685.0000,1632.5000,1673.0000,4222100
5019,2026-09-18,1669.0000,1673.0000,1644.5000,1651.0000,8734500
5019,2026-09-24,1659.0000,1689.5000,1636.0000,1650.5000,5816000
5019,2026-09-25,1647.0000,1686.0000,1642.0000,1663.0000,3878000
5019,2026-09-28,1630.0000,1675.0000,1624.5000,1668.0000,4648500
5019,2026-09-29,1613.0000,1625.5000,1574.0000,1586.0000,4236200
5019,2026-09-30,1574.5000,1597.0000,1547.0000,1590.5000,6598100
5019,2026-10-01,1580.5000,1587.0000,1524.5000,1527.5000,5302000
5019,2026-10-02,1544.5000,1566.0000,1533.5000,1560.0000,5300000
5019,2026-10-05,1554.5000,1554.5000,1517.5000,1526.5000,4847000
5019,2026-10-06,1520.5000,1532.0000,1498.0000,1531.5000,5485200
5019,2026-10-07,1525.5000,1567.5000,1512.0000,1538.0000,5130800
5019,2026-10-08,1528.0000,1532.5000,1459.5000,1502.5000,2519000
5706,2026-02-27,3534.0000,3738.0000,3508.0000,3691.0000,27540000
5706,2026-03-02,3660.0000,3899.0000,3590.0000,3868.0000,33274000
5706,2026-03-03,3872.0000,3960.0000,3591.0000,3613.0000,37029000
5706,2026-03-04,3445.0000,3553.0000,3185.0000,3283.0000,47955000
5706,2026-03-05,3504.0000,3586.0000,3318.0000,3417.0000,32141000
5706,2026-03-06,3322.0000,3385.0000,3174.0000,3274.0000,23643000
5706,2026-03-09,3001.0000,3061.0000,2787.0000,2948.5000,40551000
5706,2026-03-10,3101.0000,3200.0000,3059.0000,3079.0000,21375000
5706,2026-03-11,3200.0000,3353.0000,3173.0000,3238.0000,20770000
5706,2026-03-12,3168.0000,3234.0000,3089.0000,3126.0000,20493000
5706,2026-03-13,3013.0000,3240.0000,3011.0000,3158.0000,22771000
5706,2026-03-16,3228.0000,3249.0000,3031.0000,3160.0000,19682000
5706,2026-03-17,3260.0000,3313.0000,3011.0000,3011.0000,22222000
5706,2026-03-18,3125.0000,3250.0000,3070.0000,3240.0000,18626000
5706,2026-03-19,3142.0000,3204.0000,3027.0000,3111.0000,22118000
5706,2026-03-23,2882.0000,2923.5000,2788.0000,2919.0000,27999000
5706,2026-03-24,3019.0000,3104.0000,2891.0000,3010.0000,21281000
5706,2026-03-25,3200.0000,3269.0000,3101.0000,3163.0000,19662000
5706,2026-03-26,3198.0000,3239.0000,3055.0000,3089.0000,15183000
5706,2026-03-27,3019.0000,3149.0000,2935.0000,3127.0000,19468000
5706,2026-03-30,2973.0000,2980.5000,2899.0000,2956.5000,21331000
5706,2026-03-31,2757.5000,2878.5000,2739.0000,2804.0000,24892000
5706,2026-04-01,3004.0000,3073.0000,2968.5000,3073.0000,15002000
5706,2026-04-02,3143.0000,3164.0000,2925.0000,2965.0000,19976000
5706,2026-04-03,3113.0000,3164.0000,3080.0000,3152.0000,14042000
5706,2026-04-06,3152.0000,3240.0000,3130.0000,3196.0000,16890000
5706,2026-04-07,3162.0000,3184.0000,3085.0000,3155.0000,13865000
5706,2026-04-08,3400.0000,3533.0000,3347.0000,3500.0000,24428000
5706,2026-04-09,3432.0000,3520.0000,3374.0000,3477.0000,18770000
5706,2026-04-10,3539.0000,3720.0000,3480.0000,3720.0000,24186000
5706,2026-04-13,3650.0000,3698.0000,3547.0000,3643.0000,20127000
5706,2026-04-14,3845.0000,3873.0000,3795.0000,3826.0000,17870000
5706,2026-04-15,3966.0000,3983.0000,3538.0000,3569.0000,27070000
5706,2026-04-16,3600.0000,3805.0000,3573.0000,3775.0000,22343000
5706,2026-04-17,3749.0000,3760.0000,3639.0000,3650.0000,12629000
5706,2026-04-20,3621.0000,3665.0000,3540.0000,3548.0000,10235000
5706,2026-04-21,3584.0000,3755.0000,3577.0000,3739.0000,14729000
5706,2026-04-22,3720.0000,3857.0000,3623.0000,3826.0000,16967000
5706,2026-04-23,3900.0000,3906.0000,3640.0000,3683.0000,15601000
5706,2026-04-24,3800.0000,3929.0000,3762.0000,3866.0000,15707000
5706,2026-04-27,3870.0000,4005.0000,3712.0000,3930.0000,21561000
5706,2026-04-28,3989.0000,4167.0000,3938.0000,4137.0000,23868000
5706,2026-04-30,4103.0000,4288.0000,4056.0000,4235.0000,24641000
5706,2026-05-01,4234.0000,4295.0000,4105.0000,4106.0000,16693000
5706,2026-05-07,4596.0000,4806.0000,4550.0000,4806.0000,21519000
5706,2026-05-08,4800.0000,5000.0000,4732.0000,5000.0000,25826000
5706,2026-05-11,5200.0000,5320.0000,5030.0000,5125.0000,25514000
5706,2026-05-12,5150.0000,5297.0000,4964.0000,5085.0000,20981000
5706,2026-05-13,4984.0000,5586.0000,4981.0000,5490.0000,33178000
5706,2026-05-14,4990.0000,5334.0000,4790.0000,5066.0000,61855000
5706,2026-05-15,5049.0000,5120.0000,4528.0000,4664.0000,29974000
5706,2026-05-18,4610.0000,4959.0000,4521.0000,4732.0000,28729000
5706,2026-05-19,4749.0000,4820.0000,4390.0000,4479.0000,21048000
5706,2026-05-20,4371.0000,4511.0000,4302.0000,4436.0000,17599000
5706,2026-05-21,4576.0000,4813.0000,4457.0000,4667.0000,19792000
5706,2026-05-22,4746.0000,5061.0000,4708.0000,4961.0000,19648000
5706,2026-05-25,5079.0000,5399.0000,5008.0000,5333.0000,18474000
5706,2026-05-26,5290.0000,5488.0000,5207.0000,5374.0000,17187000
5706,2026-05-27,5565.0000,5770.0000,5163.0000,5180.0000,18913000
5706,2026-05-28,5015.0000,5114.0000,4783.0000,4875.0000,21494000
5706,2026-05-29,5015.0000,5192.0000,4881.0000,5163.0000,52441000
5706,2026-06-01,5212.0000,5523.0000,5194.0000,5384.0000,18648000
5706,2026-06-02,5327.0000,5329.0000,4826.0000,4955.0000,22878000
5706,2026-06-03,4992.0000,5087.0000,4722.0000,4760.0000,23088000
5706,2026-06-04,4653.0000,4739.0000,4510.0000,4605.0000,17830000
5706,2026-06-05,4401.0000,4513.0000,4253.0000,4449.0000,17024000
5706,2026-06-08,4029.0000,4193.0000,4004.0000,4135.0000,15146000
5706,2026-06-09,4205.0000,4239.0000,3874.0000,3946.0000,26223000
5706,2026-06-10,3870.0000,3911.0000,3624.0000,3698.0000,19787000
5706,2026-06-11,3566.0000,3784.0000,3504.0000,3733.0000,16989000
5706,2026-06-12,4100.0000,4424.0000,4053.0000,4390.0000,38681000
5706,2026-06-15,4559.0000,4695.0000,4461.0000,4469.0000,24340000
5706,2026-06-16,4500.0000,4875.0000,4499.0000,4850.0000,27359000
5706,2026-06-17,4710.0000,4875.0000,4609.0000,4760.0000,17168000
5706,2026-06-18,4718.0000,4970.0000,4699.0000,4810.0000,19724000
5706,2026-06-19,4985.0000,5067.0000,4711.0000,4882.0000,21425000
5706,2026-06-22,5022.0000,5357.0000,4965.0000,5293.0000,17896000
5706,2026-06-23,5419.0000,5444.0000,4573.0000,4625.0000,23274000
5706,2026-06-24,4629.0000,4837.0000,4511.0000,4604.0000,16469000
5706,2026-06-25,4755.0000,4769.0000,4544.0000,4639.0000,11548000
5706,2026-06-26,4499.0000,4557.0000,4195.0000,4239.0000,13241000
5706,2026-06-29,4239.0000,4250.0000,4036.0000,4194.0000,22420000
5706,2026-06-30,4264.0000,4302.0000,4170.0000,4255.0000,12115000
5706,2026-07-01,4365.0000,4459.0000,4218.0000,4316.0000,15737000
5706,2026-07-02,4150.0000,4154.0000,3808.0000,3825.0000,15951000
5706,2026-07-03,3767.0000,3886.0000,3619.0000,3874.0000,21850000
5706,2026-07-06,3891.0000,3906.0000,3716.0000,3752.0000,8432000
5706,2026-07-07,3715.0000,3764.0000,3527.0000,3593.0000,11993000
5706,2026-07-08,3492.0000,3608.0000,3370.0000,3373.0000,17011000
5706,2026-07-09,3443.0000,3612.0000,3428.0000,3509.0000,14219000
5706,2026-07-10,3649.0000,3764.0000,3612.0000,3646.0000,12922000
5706,2026-07-13,3588.0000,3710.0000,3446.0000,3528.0000,7798000
5706,2026-07-14,3500.0000,3509.0000,3326.0000,3439.0000,13857000
5706,2026-07-15,3549.0000,3583.0000,3375.0000,3498.0000,9408000
5706,2026-07-16,3330.0000,3332.0000,3177.0000,3228.0000,9618000
5706,2026-07-17,3059.0000,3076.0000,2859.5000,2998.0000,15343000
5706,2026-07-21,3048.0000,3140.0000,2933.5000,3129.0000,10961000
5706,2026-07-22,3428.0000,3529.0000,3339.0000,3360.0000,16656000
5706,2026-07-23,3480.0000,3521.0000,3332.0000,3390.0000,7921000
5706,2026-07-24,3333.0000,3366.0000,3138.0000,3191.0000,7229000
5706,2026-07-27,3191.0000,3223.0000,3024.0000,3123.0000,9441000
5706,2026-07-28,2997.5000,2999.5000,2772.0000,2801.0000,11164000
5706,2026-07-29,2801.0000,2843.5000,2478.0000,2566.5000,14569000
5706,2026-07-30,2567.0000,2808.0000,2495.0000,2709.5000,16140000
5706,2026-07-31,3080.0000,3197.0000,3011.0000,3095.0000,21259000
5706,2026-08-03,3047.0000,3127.0000,2961.0000,3089.0000,9761000
5706,2026-08-04,3050.0000,3203.0000,3044.0000,3190.0000,10642000
5706,2026-08-05,3390.0000,3544.0000,3337.0000,3538.0000,15055000
5706,2026-08-06,3480.0000,3520.0000,3172.0000,3197.0000,13679000
5706,2026-08-07,3205.0000,3282.0000,3045.0000,3222.0000,18323000
5706,2026-08-10,2742.0000,2824.5000,2572.5000,2785.5000,54842000
5706,2026-08-12,2820.0000,2901.5000,2768.0000,2900.0000,26558000
5706,2026-08-13,2998.0000,3096.0000,2926.5000,2950.0000,21999000
5706,2026-08-14,2985.0000,3014.0000,2898.5000,2937.5000,19352000
5706,2026-08-17,3038.0000,3178.0000,2983.0000,3159.0000,16104000
5706,2026-08-18,3270.0000,3312.0000,2982.0000,3006.0000,21406000
5706,2026-08-19,2886.0000,2909.0000,2725.5000,2750.5000,20592000
5706,2026-08-20,2750.0000,2907.0000,2704.5000,2857.0000,20584000
5706,2026-08-21,2757.0000,2845.5000,2753.0000,2821.0000,13618000
5706,2026-08-24,2871.0000,2898.5000,2789.0000,2846.5000,16183000
5706,2026-08-25,2818.0000,2883.5000,2738.5000,2833.0000,14076000
5706,2026-08-26,2807.5000,2909.5000,2773.5000,2902.5000,11852000
5706,2026-08-27,2952.5000,2953.5000,2775.0000,2885.0000,13328000
5706,2026-08-28,2898.0000,2938.0000,2872.0000,2900.0000,8576000
5706,2026-08-31,2750.0000,2939.0000,2735.5000,2934.5000,12394000
5706,2026-09-01,2858.0000,2906.5000,2821.0000,2882.5000,10445000
5706,2026-09-02,2782.5000,2790.5000,2619.0000,2634.0000,19198000
5706,2026-09-03,2632.0000,2649.0000,2528.0000,2550.5000,15940000
5706,2026-09-04,2574.5000,2609.0000,2537.0000,2563.5000,14591000
5706,2026-09-07,2638.0000,2648.0000,2561.5000,2580.0000,14954000
5706,2026-09-08,2570.0000,2624.0000,2490.5000,2490.5000,11541000
5706,2026-09-09,2606.0000,2679.5000,2572.5000,2620.0000,17734000
5706,2026-09-10,2621.5000,2624.5000,2414.5000,2470.5000,20494000
5706,2026-09-11,2320.5000,2359.0000,2294.0000,2324.0000,18665000
5706,2026-09-14,2200.0000,2288.5000,2175.0000,2282.5000,13570000
5706,2026-09-15,2255.0000,2331.0000,2238.0000,2280.5000,11162000
5706,2026-09-16,2266.5000,2283.0000,2216.0000,2276.0000,7744000
5706,2026-09-17,2280.0000,2290.0000,2121.0000,2123.5000,18594000
5706,2026-09-18,2173.5000,2280.0000,2139.0000,2279.5000,26356000
5706,2026-09-24,2235.5000,2371.0000,2222.0000,2302.5000,19539000
5706,2026-09-25,2295.0000,2330.0000,2252.0000,2297.5000,10827000
5706,2026-09-28,2335.0000,2364.5000,2290.0000,2308.0000,10849000
5706,2026-09-29,2280.0000,2305.0000,2211.0000,2272.0000,6878100
5706,2026-09-30,2305.5000,2335.0000,2232.0000,2291.5000,11667000
5706,2026-10-01,2360.0000,2484.5000,2345.5000,2464.5000,16244900
5706,2026-10-02,2488.0000,2647.0000,2479.0000,2553.5000,18997300
5706,2026-10-05,2630.0000,2740.0000,2586.0000,2647.5000,22637000
5706,2026-10-06,2657.0000,2773.0000,2624.0000,2750.5000,23668600
5706,2026-10-07,2847.0000,2868.5000,2725.5000,2777.5000,21904100
5706,2026-10-08,2775.0000,2835.0000,2704.0000,2744.5000,13457500
5801,2026-02-03,1369.5000,1460.5000,1360.0000,1424.5000,44532000
5801,2026-02-04,1432.5000,1568.5000,1428.5000,1529.0000,65827000
5801,2026-02-05,1495.0000,1513.5000,1424.5000,1437.5000,46256000
5801,2026-02-06,1407.5000,1484.5000,1405.0000,1450.0000,41623000
5801,2026-02-09,1512.0000,1750.0000,1469.0000,1750.0000,68322000
5801,2026-02-10,1990.0000,2150.0000,1964.5000,2150.0000,111260000
5801,2026-02-12,2139.0000,2328.5000,2111.0000,2214.5000,124550000
5801,2026-02-13,2164.5000,2208.0000,2125.0000,2149.5000,51536000
5801,2026-02-16,2179.5000,2187.0000,2092.5000,2117.0000,28587000
5801,2026-02-17,2091.5000,2123.5000,2047.0000,2112.5000,26570000
5801,2026-02-18,2113.5000,2199.0000,2089.5000,2191.0000,31361000
5801,2026-02-19,2199.0000,2298.5000,2170.0000,2286.0000,42327000
5801,2026-02-20,2256.5000,2364.0000,2225.5000,2333.5000,46312000
5801,2026-02-24,2483.5000,2741.0000,2458.5000,2691.0000,82839000
5801,2026-02-25,2717.5000,2831.0000,2684.0000,2812.5000,71370000
5801,2026-02-26,2836.5000,2902.5000,2675.0000,2800.5000,73601000
5801,2026-02-27,2650.5000,2810.0000,2557.0000,2810.0000,76503000
5801,2026-03-02,2710.0000,3074.0000,2703.0000,2982.0000,85546000
5801,2026-03-03,3093.0000,3212.0000,2892.0000,2923.0000,87050000
5801,2026-03-04,2823.0000,2980.0000,2705.0000,2767.5000,85214000
5801,2026-03-05,2917.5000,3004.0000,2758.0000,2846.5000,88605000
5801,2026-03-06,2796.5000,2879.5000,2677.5000,2815.0000,68383000
5801,2026-03-09,2561.0000,2595.5000,2321.0000,2530.0000,88539000
5801,2026-03-10,2680.0000,2829.0000,2653.5000,2745.5000,81418000
5801,2026-03-11,2850.0000,3068.0000,2827.0000,2975.0000,72331000
5801,2026-03-12,2925.0000,3033.0000,2865.0000,2893.0000,76782000
5801,2026-03-13,2837.0000,3099.0000,2824.0000,3069.0000,95229000
5801,2026-03-16,3125.0000,3128.0000,2848.0000,2940.5000,90349000
5801,2026-03-17,2980.0000,2980.5000,2743.0000,2744.0000,69427000
5801,2026-03-18,2830.0000,2896.5000,2795.0000,2872.0000,56008000
5801,2026-03-19,2822.0000,2987.5000,2811.0000,2940.0000,71400000
5801,2026-03-23,2790.0000,2840.0000,2685.0000,2768.0000,67081000
5801,2026-03-24,2818.0000,2899.0000,2718.5000,2808.5000,64691000
5801,2026-03-25,3100.0000,3161.0000,3021.0000,3124.0000,67576000
5801,2026-03-26,3174.0000,3404.0000,3171.0000,3221.0000,95781000
5801,2026-03-27,3151.0000,3159.0000,2927.0000,3089.0000,105249000
5801,2026-03-30,2970.0000,3106.0000,2893.5000,3095.0000,92326000
5801,2026-03-31,2970.0000,3098.0000,2820.0000,2878.5000,172678000
5801,2026-04-01,3050.0000,3249.0000,3028.0000,3249.0000,89733000
5801,2026-04-02,3319.0000,3379.0000,3116.0000,3242.0000,113567000
5801,2026-04-03,3500.0000,3608.0000,3418.0000,3580.0000,121492000
5801,2026-04-06,3790.0000,3805.0000,3650.0000,3730.0000,98082000
5801,2026-04-07,3660.0000,3733.0000,3577.0000,3651.0000,88013000
5801,2026-04-08,4000.0000,4298.0000,3993.0000,4294.0000,105869000
5801,2026-04-09,4274.0000,4548.0000,4182.0000,4464.0000,133101000
5801,2026-04-10,4501.0000,4602.0000,4435.0000,4580.0000,105441000
5801,2026-04-13,4600.0000,4721.0000,4493.0000,4531.0000,101876000
5801,2026-04-14,4722.0000,4794.0000,4618.0000,4688.0000,79787000
5801,2026-04-15,4723.0000,4723.0000,4424.0000,4424.0000,66741000
5801,2026-04-16,4354.0000,4609.0000,4350.0000,4572.0000,61810000
5801,2026-04-17,4591.0000,4649.0000,4433.0000,4496.0000,56293000
5801,2026-04-20,4426.0000,4538.0000,4307.0000,4307.0000,46696000
5801,2026-04-21,4370.0000,4523.0000,4360.0000,4426.0000,47707000
5801,2026-04-22,4436.0000,4444.0000,4309.0000,4405.0000,36427000
5801,2026-04-23,4503.0000,4505.0000,4153.0000,4253.0000,47301000
5801,2026-04-24,4301.0000,4377.0000,4253.0000,4295.0000,29469000
5801,2026-04-27,4275.0000,4355.0000,4209.0000,4262.0000,31412000
5801,2026-04-28,4150.0000,4346.0000,4113.0000,4290.0000,41789000
5801,2026-04-30,4272.0000,4285.0000,4158.0000,4237.0000,32591000
5801,2026-05-01,4252.0000,4314.0000,4119.0000,4119.0000,25345000
5801,2026-05-07,4469.0000,4630.0000,4459.0000,4630.0000,51329000
5801,2026-05-08,4483.0000,4603.0000,4373.0000,4487.0000,48475000
5801,2026-05-11,4557.0000,4655.0000,4343.0000,4343.0000,37371000
5801,2026-05-12,4570.0000,5043.0000,4366.0000,5043.0000,71398000
5801,2026-05-13,5118.0000,5899.0000,5105.0000,5813.0000,120981000
5801,2026-05-14,5762.0000,6015.0000,5625.0000,5722.0000,71817000
5801,2026-05-15,5950.0000,6004.0000,5333.0000,5448.0000,65076000
5801,2026-05-18,5548.0000,5706.0000,5374.0000,5484.0000,72863000
5801,2026-05-19,5320.0000,5385.0000,4960.0000,5025.0000,52444000
5801,2026-05-20,4870.0000,5207.0000,4650.0000,5086.0000,88379000
5801,2026-05-21,5201.0000,5205.0000,4913.0000,4928.0000,47042000
5801,2026-05-22,5102.0000,5435.0000,5101.0000,5365.0000,43809000
5801,2026-05-25,5648.0000,5933.0000,5592.0000,5808.0000,42149000
5801,2026-05-26,5735.0000,6105.0000,5620.0000,6014.0000,48239000
5801,2026-05-27,6103.0000,6241.0000,5557.0000,5611.0000,46604000
5801,2026-05-28,5411.0000,5535.0000,5065.0000,5200.0000,52292000
5801,2026-05-29,5240.0000,5245.0000,4915.0000,5206.0000,85101000
5801,2026-06-01,5202.0000,5466.0000,5136.0000,5213.0000,37866000
5801,2026-06-02,5114.0000,5245.0000,4802.0000,5091.0000,44600000
5801,2026-06-03,5500.0000,5612.0000,5272.0000,5310.0000,47857000
5801,2026-06-04,5299.0000,5344.0000,5005.0000,5110.0000,30076000
5801,2026-06-05,4960.0000,5114.0000,4812.0000,4905.0000,34195000
5801,2026-06-08,4485.0000,4590.0000,4360.0000,4526.0000,32079000
5801,2026-06-09,4596.0000,4685.0000,4491.0000,4650.0000,32836000
5801,2026-06-10,4440.0000,4447.0000,4022.0000,4104.0000,41823000
5801,2026-06-11,3835.0000,4146.0000,3808.0000,4078.0000,33747000
5801,2026-06-12,4325.0000,4378.0000,4087.0000,4209.0000,35075000
5801,2026-06-15,4480.0000,4570.0000,4397.0000,4397.0000,23306000
5801,2026-06-16,4500.0000,4831.0000,4358.0000,4613.0000,42074000
5801,2026-06-17,4490.0000,4766.0000,4490.0000,4744.0000,26746000
5801,2026-06-18,4812.0000,4899.0000,4629.0000,4636.0000,27002000
5801,2026-06-19,5336.0000,5336.0000,5276.0000,5336.0000,14551000
5801,2026-06-22,5450.0000,5879.0000,5428.0000,5800.0000,61083000
5801,2026-06-23,5800.0000,5824.0000,4848.0000,4900.0000,64961000
5801,2026-06-24,4900.0000,4946.0000,4600.0000,4803.0000,40853000
5801,2026-06-25,5000.0000,5050.0000,4798.0000,4992.0000,32968000
5801,2026-06-26,4905.0000,4917.0000,4462.0000,4528.0000,29920000
5801,2026-06-29,4532.0000,4545.0000,4254.0000,4419.0000,14919400
5801,2026-06-30,4750.0000,4829.0000,4589.0000,4730.0000,20063900
5801,2026-07-01,4870.0000,4870.0000,4218.0000,4351.0000,28131000
5801,2026-07-02,4225.0000,4225.0000,3925.0000,3976.0000,26552800
5801,2026-07-03,3880.0000,4015.0000,3711.0000,4000.0000,23593000
5801,2026-07-06,3880.0000,3998.0000,3793.0000,3888.0000,18637000
5801,2026-07-07,3860.0000,3900.0000,3656.0000,3674.0000,15860500
5801,2026-07-08,3534.0000,3720.0000,3442.0000,3541.0000,19410900
5801,2026-07-09,3611.0000,3687.0000,3507.0000,3543.0000,15748900
5801,2026-07-10,3730.0000,3846.0000,3719.0000,3725.0000,16901100
5801,2026-07-13,3697.0000,3933.0000,3566.0000,3589.0000,16349600
5801,2026-07-14,3500.0000,3568.0000,3357.0000,3520.0000,20118000
5801,2026-07-15,3679.0000,3793.0000,3550.0000,3766.0000,16573600
5801,2026-07-16,3595.0000,3600.0000,3455.0000,3474.0000,15717100
5801,2026-07-17,3301.0000,3309.0000,3079.0000,3262.0000,23584700
5801,2026-07-21,3332.0000,3429.0000,3208.0000,3419.0000,15270000
5801,2026-07-22,3699.0000,3725.0000,3518.0000,3525.0000,17372500
5801,2026-07-23,3621.0000,3675.0000,3460.0000,3513.0000,10401200
5801,2026-07-24,3450.0000,3469.0000,3340.0000,3388.0000,10763100
5801,2026-07-27,3350.0000,3391.0000,3170.0000,3277.0000,10701100
5801,2026-07-28,3100.0000,3131.0000,2928.0000,3008.0000,19009200
5801,2026-07-29,3009.0000,3048.0000,2646.0000,2772.5000,22152000
5801,2026-07-30,2762.0000,2930.5000,2678.0000,2777.5000,16868300
5801,2026-07-31,3168.0000,3278.0000,3095.0000,3145.0000,39342900
5801,2026-08-03,2935.0000,3233.0000,2929.5000,3200.0000,15709100
5801,2026-08-04,3250.0000,3585.0000,3205.0000,3566.0000,30259200
5801,2026-08-05,3846.0000,3976.0000,3781.0000,3919.0000,28889200
5801,2026-08-06,3781.0000,4085.0000,3436.0000,3909.0000,72354600
5801,2026-08-07,3979.0000,4068.0000,3588.0000,3856.0000,63618100
5801,2026-08-10,3926.0000,4251.0000,3907.0000,3952.0000,45988600
5801,2026-08-12,3812.0000,4234.0000,3768.0000,4222.0000,37123200
5801,2026-08-13,4250.0000,4335.0000,4095.0000,4111.0000,38198600
5801,2026-08-14,4108.0000,4157.0000,3989.0000,4057.0000,25967600
5801,2026-08-17,4170.0000,4300.0000,4024.0000,4298.0000,26957200
5801,2026-08-18,4288.0000,4632.0000,4236.0000,4368.0000,43304600
5801,2026-08-19,4088.0000,4113.0000,3755.0000,3770.0000,41166700
5801,2026-08-20,3771.0000,3911.0000,3680.0000,3864.0000,26323100
5801,2026-08-21,3752.0000,3929.0000,3752.0000,3818.0000,21887100
5801,2026-08-24,3769.0000,3859.0000,3585.0000,3625.0000,23544200
5801,2026-08-25,3621.0000,4000.0000,3601.0000,4000.0000,41467200
5801,2026-08-26,3930.0000,3950.0000,3816.0000,3905.0000,25680100
5801,2026-08-27,4097.0000,4120.0000,3894.0000,4089.0000,27681000
5801,2026-08-28,4019.0000,4072.0000,3883.0000,3903.0000,22925600
5801,2026-08-31,3720.0000,4025.0000,3697.0000,4020.0000,22025500
5801,2026-09-01,3950.0000,3992.0000,3808.0000,3858.0000,20977700
5801,2026-09-02,3852.0000,3868.0000,3710.0000,3752.0000,17620100
5801,2026-09-03,3779.0000,3790.0000,3596.0000,3613.0000,15656400
5801,2026-09-04,3683.0000,3867.0000,3646.0000,3844.0000,20437200
5801,2026-09-07,4000.0000,4003.0000,3799.0000,3840.0000,19933400
5801,2026-09-08,3820.0000,3931.0000,3666.0000,3666.0000,16024900
5801,2026-09-09,3946.0000,4196.0000,3931.0000,4129.0000,37135100
5801,2026-09-10,4012.0000,4047.0000,3863.0000,4024.0000,21595400
5801,2026-09-11,3954.0000,4078.0000,3901.0000,3981.0000,23237900
5801,2026-09-14,3730.0000,3920.0000,3667.0000,3845.0000,22796400
5801,2026-09-15,3721.0000,3828.0000,3661.0000,3719.0000,22958800
5801,2026-09-16,3693.0000,3825.0000,3670.0000,3812.0000,17118100
5801,2026-09-17,3952.0000,4002.0000,3721.0000,3763.0000,23256200
5801,2026-09-18,3855.0000,3928.0000,3757.0000,3901.0000,21047200
5801,2026-09-24,3931.0000,3983.0000,3806.0000,3807.0000,19858900
5801,2026-09-25,3844.0000,3947.0000,3773.0000,3826.0000,19066200
5801,2026-09-28,3840.0000,3877.0000,3762.0000,3785.0000,15361700
5801,2026-09-29,3740.0000,3818.0000,3683.0000,3690.0000,6244800
5801,2026-09-30,3795.0000,3834.0000,3742.0000,3808.0000,5117900
5801,2026-10-01,3881.0000,3916.0000,3845.0000,3882.0000,3883800
5801,2026-10-02,4152.0000,4359.0000,4091.0000,4345.0000,12090600
5801,2026-10-05,4451.0000,4489.0000,4345.0000,4378.0000,24559000
5801,2026-10-06,4368.0000,4428.0000,4306.0000,4376.0000,11128200
5801,2026-10-07,4600.0000,4881.0000,4575.0000,4585.0000,13734400
5801,2026-10-08,4374.0000,4409.0000,4206.0000,4221.0000,7051100
5802,2026-02-03,1728.7500,1951.0000,1713.0000,1913.7500,83896000
5802,2026-02-04,1982.5000,2059.7500,1933.0000,1958.2500,79212800
5802,2026-02-05,1930.0000,1950.0000,1808.5000,1851.7500,41554000
5802,2026-02-06,1819.2500,1895.0000,1797.5000,1885.0000,35931600
5802,2026-02-09,2100.0000,2144.5000,2034.0000,2091.7500,57182800
5802,2026-02-10,2183.2500,2220.5000,2142.7500,2182.0000,35432400
5802,2026-02-12,2136.5000,2251.0000,2118.7500,2192.5000,50309600
5802,2026-02-13,2172.5000,2224.7500,2135.0000,2148.2500,32536800
5802,2026-02-16,2205.0000,2218.5000,2158.0000,2163.2500,16400400
5802,2026-02-17,2161.0000,2203.7500,2121.7500,2162.7500,21045200
5802,2026-02-18,2128.0000,2241.2500,2113.2500,2206.5000,21998000
5802,2026-02-19,2255.0000,2371.0000,2248.0000,2330.0000,47669600
5802,2026-02-20,2314.7500,2475.7500,2308.0000,2437.0000,60307200
5802,2026-02-24,2550.0000,2723.7500,2550.0000,2597.5000,50196000
5802,2026-02-25,2636.2500,2723.7500,2596.2500,2678.7500,38301600
5802,2026-02-26,2697.5000,2700.0000,2532.5000,2560.0000,39552400
5802,2026-02-27,2438.0000,2600.0000,2398.2500,2593.7500,40496800
5802,2026-03-02,2496.2500,2735.0000,2492.2500,2716.2500,36830800
5802,2026-03-03,2855.0000,2873.7500,2567.5000,2581.2500,44964800
5802,2026-03-04,2460.5000,2606.2500,2400.5000,2486.2500,60817600
5802,2026-03-05,2610.0000,2623.7500,2475.2500,2493.7500,37162400
5802,2026-03-06,2445.0000,2502.5000,2369.5000,2474.2500,40166800
5802,2026-03-09,2250.0000,2299.7500,2137.5000,2281.2500,43932000
5802,2026-03-10,2581.2500,2590.0000,2473.0000,2482.7500,35744400
5802,2026-03-11,2622.5000,2756.2500,2598.7500,2678.7500,34723200
5802,2026-03-12,2652.5000,2675.0000,2562.5000,2591.2500,27508000
5802,2026-03-13,2452.5000,2656.2500,2450.0000,2597.5000,28337200
5802,2026-03-16,2586.2500,2603.7500,2481.2500,2537.5000,22441600
5802,2026-03-17,2556.2500,2575.0000,2366.5000,2381.2500,44028400
5802,2026-03-18,2452.5000,2510.0000,2431.2500,2501.2500,26602000
5802,2026-03-19,2434.2500,2528.7500,2426.7500,2487.0000,42941600
5802,2026-03-23,2312.0000,2340.5000,2237.5000,2303.5000,37122000
5802,2026-03-24,2491.0000,2492.7500,2322.5000,2375.5000,29926000
5802,2026-03-25,2552.5000,2577.5000,2508.7500,2552.5000,23376000
5802,2026-03-26,2553.7500,2580.0000,2445.7500,2471.2500,29317600
5802,2026-03-27,2350.2500,2391.2500,2280.0000,2370.0000,42836000
5802,2026-03-30,2231.2500,2258.5000,2196.0000,2250.0000,33970000
5802,2026-03-31,2126.2500,2207.2500,2095.0000,2095.0000,34791600
5802,2026-04-01,2200.0000,2317.2500,2187.5000,2317.2500,39784400
5802,2026-04-02,2354.7500,2388.7500,2229.0000,2276.0000,35950400
5802,2026-04-03,2387.5000,2412.5000,2338.2500,2350.0000,27592400
5802,2026-04-06,2402.5000,2474.7500,2385.5000,2385.5000,35251200
5802,2026-04-07,2361.7500,2389.2500,2269.7500,2297.7500,29899200
5802,2026-04-08,2525.0000,2600.0000,2479.0000,2578.7500,37963600
5802,2026-04-09,2541.2500,2642.5000,2492.5000,2602.5000,31398000
5802,2026-04-10,2527.5000,2653.7500,2525.0000,2645.0000,40325600
5802,2026-04-13,2621.2500,2708.7500,2444.5000,2481.5000,54396800
5802,2026-04-14,2532.5000,2557.5000,2464.7500,2518.7500,31499200
5802,2026-04-15,2593.7500,2595.0000,2387.7500,2387.7500,34988800
5802,2026-04-16,2412.5000,2537.5000,2406.7500,2535.0000,31634400
5802,2026-04-17,2512.5000,2532.5000,2463.0000,2494.0000,17624400
5802,2026-04-20,2532.5000,2578.7500,2478.2500,2494.0000,19030800
5802,2026-04-21,2575.0000,2640.0000,2547.5000,2575.0000,23458400
5802,2026-04-22,2572.5000,2690.0000,2507.5000,2675.0000,28077600
5802,2026-04-23,2701.2500,2711.2500,2498.7500,2551.2500,28264400
5802,2026-04-24,2586.2500,2601.2500,2503.7500,2503.7500,18620400
5802,2026-04-27,2490.5000,2547.5000,2485.0000,2515.0000,17965200
5802,2026-04-28,2500.0000,2547.5000,2488.0000,2547.5000,14195200
5802,2026-04-30,2557.5000,2567.5000,2507.5000,2547.5000,18523600
5802,2026-05-01,2570.0000,2580.0000,2475.0000,2475.0000,17426400
5802,2026-05-07,2677.5000,2836.2500,2677.5000,2836.2500,43908400
5802,2026-05-08,2751.2500,2827.5000,2708.7500,2826.2500,20222800
5802,2026-05-11,2912.5000,2917.5000,2802.5000,2802.5000,18901600
5802,2026-05-12,3102.5000,3186.2500,2722.5000,2912.5000,67284400
5802,2026-05-13,2837.5000,3211.2500,2770.0000,3193.7500,49978800
5802,2026-05-14,3222.5000,3257.5000,2918.7500,3026.2500,45286400
5802,2026-05-15,3050.0000,3106.2500,2713.7500,2745.0000,41636400
5802,2026-05-18,2772.5000,2933.7500,2662.5000,2845.0000,34565600
5802,2026-05-19,2827.5000,2837.5000,2662.5000,2710.0000,24188800
5802,2026-05-20,2571.2500,2692.5000,2513.7500,2631.2500,31575600
5802,2026-05-21,2706.2500,2748.7500,2586.2500,2682.5000,23785600
5802,2026-05-22,2867.5000,2972.5000,2850.0000,2955.0000,23796800
5802,2026-05-25,3041.2500,3137.5000,3027.5000,3066.2500,21146800
5802,2026-05-26,3037.5000,3042.5000,2930.0000,2985.0000,15528400
5802,2026-05-27,3123.7500,3227.5000,2996.2500,3003.7500,25836800
5802,2026-05-28,2930.0000,3018.7500,2891.2500,2988.7500,20902400
5802,2026-05-29,3023.7500,3146.2500,2963.7500,3146.2500,39767600
5802,2026-06-01,3071.2500,3325.0000,3065.0000,3295.0000,31978000
5802,2026-06-02,3220.0000,3335.0000,3078.7500,3253.7500,29204000
5802,2026-06-03,3703.7500,3712.5000,3431.2500,3491.2500,27445600
5802,2026-06-04,3461.2500,3533.7500,3316.2500,3366.2500,22343200
5802,2026-06-05,3216.2500,3325.0000,3165.0000,3252.5000,22626400
5802,2026-06-08,2931.2500,3098.7500,2926.2500,3035.0000,24971200
5802,2026-06-09,3035.0000,3077.5000,2881.2500,3010.0000,29742400
5802,2026-06-10,2865.0000,2896.2500,2608.7500,2657.5000,36773600
5802,2026-06-11,2486.2500,2617.5000,2454.2500,2562.5000,27684000
5802,2026-06-12,2740.0000,2820.0000,2721.2500,2742.5000,32723200
5802,2026-06-15,2831.2500,2910.0000,2810.0000,2882.5000,22958000
5802,2026-06-16,2877.5000,3151.2500,2868.7500,3080.0000,34988400
5802,2026-06-17,3000.0000,3103.7500,2983.7500,3075.0000,18692800
5802,2026-06-18,3068.7500,3117.5000,2981.2500,3050.0000,20476800
5802,2026-06-19,3500.0000,3576.2500,3307.5000,3371.2500,51720000
5802,2026-06-22,3423.7500,3485.0000,3311.2500,3375.0000,23458400
5802,2026-06-23,3525.0000,3586.2500,3120.0000,3148.7500,30143600
5802,2026-06-24,3077.5000,3126.2500,2971.2500,3056.2500,22789200
5802,2026-06-25,3153.7500,3167.5000,3025.0000,3060.0000,16326000
5802,2026-06-26,3121.2500,3148.7500,2951.2500,2983.7500,25106800
5802,2026-06-29,2960.0000,2979.0000,2768.0000,2894.5000,17218700
5802,2026-06-30,2948.0000,3019.0000,2882.0000,2927.0000,20322400
5802,2026-07-01,3017.0000,3017.0000,2810.5000,2834.0000,16813200
5802,2026-07-02,2780.5000,2783.5000,2640.0000,2688.5000,20864900
5802,2026-07-03,2567.5000,2688.0000,2509.0000,2664.0000,25597100
5802,2026-07-06,2668.0000,2696.0000,2557.0000,2592.5000,18064100
5802,2026-07-07,2556.0000,2620.0000,2423.5000,2443.0000,26810700
5802,2026-07-08,2358.0000,2454.0000,2289.0000,2361.5000,29310800
5802,2026-07-09,2448.0000,2487.0000,2371.0000,2401.0000,18696000
5802,2026-07-10,2588.0000,2624.0000,2525.0000,2582.0000,28403300
5802,2026-07-13,2571.0000,2620.5000,2446.5000,2486.0000,16839600
5802,2026-07-14,2451.5000,2469.5000,2388.0000,2458.5000,18618700
5802,2026-07-15,2495.0000,2538.0000,2456.5000,2532.0000,15348400
5802,2026-07-16,2423.5000,2424.0000,2327.5000,2397.5000,20928200
5802,2026-07-17,2300.0000,2315.0000,2151.5000,2249.0000,23416500
5802,2026-07-21,2299.0000,2340.0000,2253.5000,2336.5000,21389000
5802,2026-07-22,2536.5000,2564.0000,2442.0000,2451.0000,24433600
5802,2026-07-23,2480.0000,2537.0000,2452.5000,2512.0000,17118200
5802,2026-07-24,2464.0000,2474.0000,2412.0000,2469.0000,11978900
5802,2026-07-27,2419.0000,2429.0000,2308.0000,2355.0000,17104800
5802,2026-07-28,2240.0000,2273.5000,2167.5000,2187.5000,20330500
5802,2026-07-29,2137.5000,2197.0000,2002.5000,2072.0000,29896700
5802,2026-07-30,2040.5000,2175.5000,2013.0000,2109.5000,26565700
5802,2026-07-31,2450.0000,2450.0000,2116.5000,2184.0000,63080100
5802,2026-08-03,2006.5000,2075.0000,1973.0000,2062.5000,37767100
5802,2026-08-04,2058.0000,2165.5000,2045.5000,2161.5000,23563900
5802,2026-08-05,2352.0000,2395.0000,2294.0000,2371.5000,30948900
5802,2026-08-06,2234.0000,2283.0000,2145.0000,2158.5000,31968400
5802,2026-08-07,2159.0000,2178.5000,2057.5000,2129.5000,30477300
5802,2026-08-10,2200.5000,2253.0000,2153.5000,2161.0000,24032000
5802,2026-08-12,2116.0000,2287.0000,2101.0000,2270.0000,27560000
5802,2026-08-13,2301.5000,2401.5000,2295.0000,2334.5000,26732000
5802,2026-08-14,2384.0000,2403.0000,2346.0000,2386.0000,27793500
5802,2026-08-17,2384.0000,2473.5000,2352.0000,2473.0000,19089100
5802,2026-08-18,2561.0000,2584.0000,2402.5000,2419.5000,28574300
5802,2026-08-19,2252.0000,2282.5000,2186.0000,2210.0000,24695500
5802,2026-08-20,2200.0000,2228.5000,2170.5000,2218.5000,18919100
5802,2026-08-21,2138.0000,2213.5000,2135.0000,2178.5000,15209700
5802,2026-08-24,2183.5000,2204.0000,2138.0000,2151.5000,12175800
5802,2026-08-25,2130.0000,2211.5000,2121.0000,2199.5000,17045300
5802,2026-08-26,2188.0000,2233.0000,2179.0000,2211.5000,16164600
5802,2026-08-27,2248.0000,2281.5000,2194.5000,2255.0000,18677700
5802,2026-08-28,2205.0000,2232.0000,2165.5000,2180.0000,18248500
5802,2026-08-31,2150.0000,2228.5000,2123.0000,2221.0000,21164500
5802,2026-09-01,2210.5000,2230.0000,2182.0000,2209.0000,13642900
5802,2026-09-02,2171.0000,2205.5000,2141.0000,2155.5000,19069400
5802,2026-09-03,2155.0000,2159.0000,2094.5000,2103.0000,15044400
5802,2026-09-04,2125.0000,2151.5000,2112.0000,2133.0000,10920500
5802,2026-09-07,2188.5000,2214.5000,2162.0000,2201.5000,13648500
5802,2026-09-08,2161.0000,2180.5000,2071.0000,2071.0000,16687600
5802,2026-09-09,2103.5000,2228.5000,2103.0000,2189.5000,22688500
5802,2026-09-10,2150.0000,2172.0000,2071.0000,2111.5000,19160700
5802,2026-09-11,2020.0000,2081.0000,2015.0000,2077.5000,14578800
5802,2026-09-14,1998.0000,2027.0000,1983.5000,2007.5000,20175800
5802,2026-09-15,1964.5000,2042.5000,1961.0000,1995.0000,18106900
5802,2026-09-16,1982.0000,2046.5000,1968.5000,2046.5000,14096200
5802,2026-09-17,2096.5000,2097.5000,2044.0000,2052.5000,18463300
5802,2026-09-18,2081.0000,2099.5000,2057.0000,2080.5000,19348200
5802,2026-09-24,2162.0000,2254.0000,2130.0000,2200.5000,28860200
5802,2026-09-25,2176.5000,2212.0000,2152.5000,2211.0000,14543900
5802,2026-09-28,2231.0000,2243.5000,2200.0000,2200.0000,12741500
5802,2026-09-29,2168.0000,2198.0000,2165.5000,2178.0000,3019900
5802,2026-09-30,2230.0000,2264.0000,2217.5000,2250.5000,3684800
5802,2026-10-01,2349.5000,2372.5000,2298.5000,2299.5000,5654200
5802,2026-10-02,2356.0000,2466.0000,2346.5000,2450.5000,8221400
5802,2026-10-05,2440.5000,2482.0000,2424.5000,2466.0000,20652900
5802,2026-10-06,2445.0000,2521.0000,2430.5000,2499.0000,7586400
5802,2026-10-07,2570.0000,2587.0000,2535.5000,2539.0000,5785900
5802,2026-10-08,2459.5000,2468.5000,2377.0000,2387.5000,5128500
5803,2026-02-27,4410.8335,4465.8335,4291.6665,4460.8335,66498600
5803,2026-03-02,4316.6665,4745.8335,4315.0000,4737.5000,85656000
5803,2026-03-03,4850.0000,4968.3335,4505.0000,4558.3335,95626800
5803,2026-03-04,4418.3335,4550.0000,4131.6665,4229.1665,88846800
5803,2026-03-05,4479.1665,4619.1665,4304.1665,4386.6665,86735400
5803,2026-03-06,4303.3335,4326.6665,4022.5000,4183.3335,82907400
5803,2026-03-09,3766.6667,3873.3333,3560.0000,3769.1667,77989200
5803,2026-03-10,4033.3333,4171.6665,3935.8333,4010.8333,55357800
5803,2026-03-11,4200.0000,4376.6665,4158.3335,4275.0000,65273400
5803,2026-03-12,4229.1665,4415.0000,4147.5000,4283.3335,74997600
5803,2026-03-13,4116.6665,4538.3335,4106.6665,4420.0000,105901200
5803,2026-03-16,4450.0000,4450.8335,4116.6665,4271.6665,82700400
5803,2026-03-17,4346.6665,4350.0000,4067.5000,4100.8335,56506800
5803,2026-03-18,4166.6665,4285.0000,4150.8335,4284.1665,43075800
5803,2026-03-19,4215.0000,4338.3335,4194.1665,4221.6665,59898600
5803,2026-03-23,4010.8333,4135.8335,3940.0000,4055.0000,57577200
5803,2026-03-24,4203.3335,4323.3335,4125.0000,4266.6665,61704600
5803,2026-03-25,4483.3335,4610.8335,4469.1665,4579.1665,57943200
5803,2026-03-26,4610.8335,4847.5000,4609.1665,4685.8335,77554200
5803,2026-03-27,4583.3335,4687.5000,4416.6665,4605.0000,71943600
5803,2026-03-30,4445.0000,4526.0000,4230.0000,4505.0000,43818400
5803,2026-03-31,4250.0000,4281.0000,4056.0000,4090.0000,58825600
5803,2026-04-01,4370.0000,4470.0000,4291.0000,4446.0000,48295400
5803,2026-04-02,4535.0000,4662.0000,4238.0000,4293.0000,56992200
5803,2026-04-03,4430.0000,4654.0000,4420.0000,4616.0000,51978000
5803,2026-04-06,4679.0000,4732.0000,4560.0000,4600.0000,46016200
5803,2026-04-07,4597.0000,4600.0000,4320.0000,4370.0000,47494600
5803,2026-04-08,4835.0000,4888.0000,4709.0000,4876.0000,61297000
5803,2026-04-09,4806.0000,5073.0000,4740.0000,5028.0000,70638500
5803,2026-04-10,5176.0000,5644.0000,5173.0000,5630.0000,83540900
5803,2026-04-13,5914.0000,6004.0000,5647.0000,5698.0000,67148400
5803,2026-04-14,5947.0000,5985.0000,5782.0000,5935.0000,63357200
5803,2026-04-15,5960.0000,6037.0000,5625.0000,5683.0000,57485900
5803,2026-04-16,5600.0000,5959.0000,5550.0000,5951.0000,53271700
5803,2026-04-17,5903.0000,5987.0000,5756.0000,5762.0000,49543600
5803,2026-04-20,5692.0000,5898.0000,5523.0000,5529.0000,49029200
5803,2026-04-21,5577.0000,5889.0000,5574.0000,5889.0000,49306000
5803,2026-04-22,5833.0000,5989.0000,5688.0000,5985.0000,42928800
5803,2026-04-23,6119.0000,6218.0000,5780.0000,5893.0000,57099000
5803,2026-04-24,5987.0000,6100.0000,5894.0000,6037.0000,40846300
5803,2026-04-27,6037.0000,6397.0000,5993.0000,6347.0000,52739100
5803,2026-04-28,6231.0000,6321.0000,6120.0000,6281.0000,46167300
5803,2026-04-30,5981.0000,6083.0000,5916.0000,5971.0000,39274600
5803,2026-05-01,5983.0000,6027.0000,5803.0000,5808.0000,28397000
5803,2026-05-07,6300.0000,6500.0000,6225.0000,6498.0000,49010500
5803,2026-05-08,6428.0000,6582.0000,6262.0000,6582.0000,43386200
5803,2026-05-11,6780.0000,6980.0000,6634.0000,6832.0000,40738700
5803,2026-05-12,7250.0000,7770.0000,7085.0000,7624.0000,90480800
5803,2026-05-13,7324.0000,7915.0000,7303.0000,7855.0000,62691200
5803,2026-05-14,7662.0000,7933.0000,6355.0000,6355.0000,57118100
5803,2026-05-15,6418.0000,6999.0000,5725.0000,5819.0000,128904500
5803,2026-05-18,5842.0000,5969.0000,5580.0000,5653.0000,86555100
5803,2026-05-19,5600.0000,5639.0000,4660.0000,4695.0000,124339100
5803,2026-05-20,4275.0000,4516.0000,4156.0000,4295.0000,116069900
5803,2026-05-21,4550.0000,4662.0000,4315.0000,4501.0000,98432700
5803,2026-05-22,4650.0000,5031.0000,4558.0000,4850.0000,105386700
5803,2026-05-25,5360.0000,5550.0000,5151.0000,5550.0000,60516700
5803,2026-05-26,5650.0000,5653.0000,5068.0000,5329.0000,93052900
5803,2026-05-27,5500.0000,5555.0000,5035.0000,5140.0000,71871700
5803,2026-05-28,4998.0000,5196.0000,4803.0000,5017.0000,66629900
5803,2026-05-29,5044.0000,5047.0000,4668.0000,4771.0000,71394000
5803,2026-06-01,4769.0000,4895.0000,4561.0000,4677.0000,51636800
5803,2026-06-02,4607.0000,4666.0000,4351.0000,4574.0000,48742800
5803,2026-06-03,4854.0000,5163.0000,4745.0000,5001.0000,82340200
5803,2026-06-04,4831.0000,4866.0000,4610.0000,4805.0000,45052400
5803,2026-06-05,4654.0000,4825.0000,4523.0000,4747.0000,46983000
5803,2026-06-08,4386.0000,4525.0000,4337.0000,4401.0000,45195300
5803,2026-06-09,4458.0000,4557.0000,4260.0000,4499.0000,60698500
5803,2026-06-10,4320.0000,4412.0000,4118.0000,4194.0000,54543200
5803,2026-06-11,4006.0000,4162.0000,3888.0000,4142.0000,51253400
5803,2026-06-12,4352.0000,4357.0000,4136.0000,4256.0000,45471600
5803,2026-06-15,4450.0000,4492.0000,4301.0000,4346.0000,37526700
5803,2026-06-16,4400.0000,4829.0000,4308.0000,4738.0000,68142600
5803,2026-06-17,4600.0000,4763.0000,4562.0000,4729.0000,35504300
5803,2026-06-18,4791.0000,4910.0000,4461.0000,4461.0000,48865900
5803,2026-06-19,5161.0000,5161.0000,5161.0000,5161.0000,3131200
5803,2026-06-22,6161.0000,6161.0000,6161.0000,6161.0000,2675400
5803,2026-06-23,7023.0000,7068.0000,6314.0000,6487.0000,154230200
5803,2026-06-24,6400.0000,6568.0000,6138.0000,6313.0000,80829900
5803,2026-06-25,6613.0000,6649.0000,6302.0000,6436.0000,50848200
5803,2026-06-26,6360.0000,6579.0000,6066.0000,6131.0000,61307100
5803,2026-06-29,6127.0000,6166.0000,5611.0000,5885.0000,56572900
5803,2026-06-30,6085.0000,6320.0000,6039.0000,6238.0000,46151000
5803,2026-07-01,6350.0000,6431.0000,5802.0000,5826.0000,39659300
5803,2026-07-02,5500.0000,5555.0000,5361.0000,5368.0000,34213100
5803,2026-07-03,5100.0000,5379.0000,5006.0000,5358.0000,42677500
5803,2026-07-06,5299.0000,5452.0000,5221.0000,5354.0000,32123000
5803,2026-07-07,5254.0000,5370.0000,5050.0000,5072.0000,35968500
5803,2026-07-08,4910.0000,5106.0000,4816.0000,4824.0000,40311200
5803,2026-07-09,4961.0000,5209.0000,4904.0000,4938.0000,45092500
5803,2026-07-10,5125.0000,5437.0000,5095.0000,5150.0000,42643000
5803,2026-07-13,5134.0000,5380.0000,4915.0000,5007.0000,40749200
5803,2026-07-14,4800.0000,4820.0000,4564.0000,4800.0000,44664300
5803,2026-07-15,4948.0000,5149.0000,4834.0000,5145.0000,32782500
5803,2026-07-16,5000.0000,5004.0000,4738.0000,4761.0000,36029500
5803,2026-07-17,4561.0000,4611.0000,4280.0000,4472.0000,47075400
5803,2026-07-21,4542.0000,4707.0000,4472.0000,4672.0000,29986600
5803,2026-07-22,4954.0000,5026.0000,4741.0000,4751.0000,38205300
5803,2026-07-23,4888.0000,4935.0000,4652.0000,4727.0000,31624200
5803,2026-07-24,4659.0000,4740.0000,4511.0000,4593.0000,28103100
5803,2026-07-27,4532.0000,4565.0000,4233.0000,4325.0000,41066100
5803,2026-07-28,4199.0000,4216.0000,4013.0000,4073.0000,39640100
5803,2026-07-29,4003.0000,4129.0000,3665.0000,3760.0000,53924500
5803,2026-07-30,3750.0000,3927.0000,3690.0000,3720.0000,48318100
5803,2026-07-31,4210.0000,4339.0000,4130.0000,4172.0000,73627300
5803,2026-08-03,4079.0000,4325.0000,4008.0000,4290.0000,38401200
5803,2026-08-04,4324.0000,4657.0000,4268.0000,4628.0000,54429600
5803,2026-08-05,4830.0000,5110.0000,4799.0000,5073.0000,48207800
5803,2026-08-06,4833.0000,4917.0000,4566.0000,4596.0000,57561600
5803,2026-08-07,4650.0000,5280.0000,4380.0000,5185.0000,128679300
5803,2026-08-10,5210.0000,5730.0000,5122.0000,5580.0000,118555300
5803,2026-08-12,5386.0000,5800.0000,5306.0000,5800.0000,72558500
5803,2026-08-13,5895.0000,5990.0000,5725.0000,5760.0000,69216100
5803,2026-08-14,5780.0000,5868.0000,5632.0000,5665.0000,55238000
5803,2026-08-17,5750.0000,6078.0000,5720.0000,6078.0000,66184600
5803,2026-08-18,6100.0000,6433.0000,5872.0000,5902.0000,75702500
5803,2026-08-19,5502.0000,5627.0000,5292.0000,5328.0000,71416300
5803,2026-08-20,5347.0000,5478.0000,5201.0000,5341.0000,54776700
5803,2026-08-21,5200.0000,5422.0000,5144.0000,5280.0000,62417600
5803,2026-08-24,5276.0000,5325.0000,4973.0000,5016.0000,52002000
5803,2026-08-25,4995.0000,5357.0000,4968.0000,5292.0000,70850700
5803,2026-08-26,5210.0000,5353.0000,5110.0000,5305.0000,54363100
5803,2026-08-27,5470.0000,5558.0000,5310.0000,5500.0000,54885600
5803,2026-08-28,5401.0000,5485.0000,5301.0000,5340.0000,39786600
5803,2026-08-31,5240.0000,5525.0000,5123.0000,5504.0000,47992900
5803,2026-09-01,5420.0000,5474.0000,5240.0000,5298.0000,42428100
5803,2026-09-02,5198.0000,5239.0000,5048.0000,5090.0000,40332200
5803,2026-09-03,5151.0000,5154.0000,4897.0000,4951.0000,37758400
5803,2026-09-04,5000.0000,5112.0000,4955.0000,5053.0000,34565900
5803,2026-09-07,5300.0000,5362.0000,5175.0000,5241.0000,30727300
5803,2026-09-08,5185.0000,5387.0000,5083.0000,5083.0000,34477000
5803,2026-09-09,5350.0000,5589.0000,5340.0000,5493.0000,50372600
5803,2026-09-10,5393.0000,5394.0000,5125.0000,5209.0000,35034000
5803,2026-09-11,4970.0000,5074.0000,4942.0000,4982.0000,38396400
5803,2026-09-14,4702.0000,4874.0000,4675.0000,4834.0000,35382300
5803,2026-09-15,4700.0000,4838.0000,4665.0000,4744.0000,31474800
5803,2026-09-16,4750.0000,4867.0000,4712.0000,4839.0000,26196900
5803,2026-09-17,4979.0000,4979.0000,4839.0000,4867.0000,30234600
5803,2026-09-18,4989.0000,5027.0000,4848.0000,4952.0000,37410000
5803,2026-09-24,5022.0000,5094.0000,4898.0000,4911.0000,34159800
5803,2026-09-25,4920.0000,5019.0000,4852.0000,4986.0000,26991600
5803,2026-09-28,4983.0000,5075.0000,4918.0000,4957.0000,26464800
5803,2026-09-29,4939.0000,5005.0000,4843.0000,4931.0000,24796700
5803,2026-09-30,5099.0000,5252.0000,5068.0000,5224.0000,38875400
5803,2026-10-01,5258.0000,5385.0000,5110.0000,5368.0000,36851000
5803,2026-10-02,5450.0000,5707.0000,5342.0000,5598.0000,54641800
5803,2026-10-05,5660.0000,5685.0000,5532.0000,5566.0000,34492600
5803,2026-10-06,5600.0000,5855.0000,5560.0000,5855.0000,42929100
5803,2026-10-07,5871.0000,6012.0000,5700.0000,5700.0000,41805100
5803,2026-10-08,5600.0000,5666.0000,5490.0000,5602.0000,23292200
603986,2026-02-26,316.0000,316.0000,306.0500,309.4000,23105285
603986,2026-02-27,303.5000,306.0000,296.6900,300.0000,22096892
603986,2026-03-02,290.8700,299.9800,290.5500,293.1500,18513228
603986,2026-03-03,295.0000,296.1000,272.5900,272.8900,33329365
603986,2026-03-04,272.8900,290.0000,272.8900,279.0700,32691632
603986,2026-03-05,288.1600,289.8800,280.2300,282.8000,25529973
603986,2026-03-06,277.9000,288.8800,277.5600,284.9900,20857577
603986,2026-03-09,273.0000,277.7000,264.0000,276.0900,28354565
603986,2026-03-10,284.1000,286.5000,281.1800,285.4400,23353742
603986,2026-03-11,288.0400,290.8300,281.3200,281.5300,21649869
603986,2026-03-12,279.8300,283.8300,272.4300,274.7800,17232747
603986,2026-03-13,270.7800,285.6700,270.7800,278.3300,22613749
603986,2026-03-16,280.0000,306.1600,277.0000,306.1600,46273564
603986,2026-03-17,306.5000,313.0000,295.8800,296.0000,39000085
603986,2026-03-18,305.1000,313.6800,302.0000,311.2500,42051352
603986,2026-03-19,300.0000,309.7100,297.0000,303.6800,31214567
603986,2026-03-20,305.5500,306.7000,290.0000,290.2000,31253644
603986,2026-03-23,277.0000,282.8800,271.0000,273.3500,28214191
603986,2026-03-24,277.9900,278.0000,256.8800,273.7100,33691468
603986,2026-03-25,275.1500,285.8000,275.1400,278.4000,28376275
603986,2026-03-26,268.0000,268.7000,260.0000,262.0000,35077307
603986,2026-03-27,248.9800,260.1800,240.2500,258.6600,28977343
603986,2026-03-30,252.0000,259.5400,250.0300,255.8500,21469645
603986,2026-03-31,249.9000,252.0000,236.8600,238.1000,42762334
603986,2026-04-01,250.0000,256.1000,243.7000,255.0000,38795783
603986,2026-04-02,257.8600,259.8000,245.6000,246.9900,25297431
603986,2026-04-03,250.9900,254.6000,247.5000,249.1000,19747197
603986,2026-04-07,253.1000,255.9600,248.8100,249.6600,19847158
603986,2026-04-08,250.1100,256.9600,243.0800,255.9600,75332537
603986,2026-04-09,250.0000,253.4900,243.9000,250.4900,44468257
603986,2026-04-10,255.4900,268.3200,255.2400,265.0900,53476682
603986,2026-04-13,261.0000,269.8400,260.9000,262.1400,41242092
603986,2026-04-14,269.5000,281.2300,266.3900,280.0100,46620521
603986,2026-04-15,285.0000,287.6500,271.9800,274.0000,39697260
603986,2026-04-16,270.1000,287.0000,268.5900,286.7300,40933672
603986,2026-04-17,284.0000,295.6600,282.9000,288.9600,40632112
603986,2026-04-20,293.0000,295.9600,287.1200,290.5400,32564280
603986,2026-04-21,290.8000,309.0000,288.2500,306.2700,42583406
603986,2026-04-22,303.5000,314.5800,302.5100,313.9800,34166195
603986,2026-04-23,326.0100,326.0200,301.9000,304.8000,44199730
603986,2026-04-24,305.0000,310.0000,292.8100,297.7000,34910537
603986,2026-04-27,301.5900,309.5800,297.7500,303.4200,31635478
603986,2026-04-28,305.0000,319.3300,302.0200,307.5000,36794294
603986,2026-04-29,303.0100,311.6600,297.0000,308.8900,41919980
603986,2026-04-30,320.0000,321.0000,306.4800,312.9900,58796514
603986,2026-05-06,330.0000,344.2900,330.0000,344.2900,42342550
603986,2026-05-07,347.0000,357.3600,339.0000,350.1600,52387882
603986,2026-05-08,341.0000,343.3000,331.8000,334.1000,44083273
603986,2026-05-11,350.1000,367.5100,347.0100,362.1300,57507907
603986,2026-05-12,362.1400,362.2000,349.2000,353.5500,40559551
603986,2026-05-13,344.0000,366.7100,339.3300,365.0000,48498284
603986,2026-05-14,365.0500,373.5000,354.9900,356.1900,40836464
603986,2026-05-15,353.0000,384.0000,345.4800,375.3400,62436811
603986,2026-05-18,408.5800,412.8700,396.3400,400.0000,68798434
603986,2026-05-19,390.0000,410.0000,380.0200,404.5600,55310111
603986,2026-05-20,408.0000,445.0200,407.8000,445.0200,61012555
603986,2026-05-21,445.0200,464.8300,427.3300,431.9000,63239768
603986,2026-05-22,448.0000,472.9900,439.0000,468.7400,63796889
603986,2026-05-25,478.1100,515.6100,461.0000,515.6000,59361411
603986,2026-05-26,510.0000,538.0200,491.2000,526.2200,64338392
603986,2026-05-27,541.0000,552.8200,500.0000,514.1800,66726041
603986,2026-05-28,495.0000,499.5000,470.0000,483.0000,62379220
603986,2026-05-29,492.6600,496.0000,464.9100,467.0100,55812542
603986,2026-06-01,476.0000,489.9600,455.0000,468.0000,52158648
603986,2026-06-02,471.0000,480.6600,448.1100,474.6900,49019277
603986,2026-06-03,478.8900,510.0000,477.0000,492.2300,58192978
603986,2026-06-04,487.0500,538.0000,485.0100,529.3100,56335088
603986,2026-06-05,507.0000,519.8000,484.9000,488.0000,54713542
603986,2026-06-08,461.1100,490.7000,451.0000,474.0100,43447474
603986,2026-06-09,493.0000,502.8800,477.0300,500.5000,41968333
603986,2026-06-10,489.1100,497.2600,475.6500,480.8400,32997210
603986,2026-06-11,480.5200,486.0000,471.0000,483.5000,29699143
603986,2026-06-12,508.0000,510.0000,481.0000,481.4700,40708544
603986,2026-06-15,494.9700,519.0000,476.6600,518.0000,47578448
603986,2026-06-16,526.0000,542.8400,517.7100,532.7600,42778507
603986,2026-06-17,521.0000,586.0400,521.0000,586.0400,56800030
603986,2026-06-18,594.0000,644.6400,586.6000,629.0000,59157318
603986,2026-06-22,643.0000,689.7000,635.0000,689.7000,52583095
603986,2026-06-23,680.0000,688.8000,636.0000,640.9900,59291379
603986,2026-06-24,641.0000,705.0900,630.9300,705.0900,59821931
603986,2026-06-25,740.0000,775.3900,735.0000,775.2100,50867836
603986,2026-06-26,753.0000,779.0000,732.5200,770.0000,49392562
603986,2026-06-29,779.0000,846.6600,750.0000,840.0000,54120883
603986,2026-06-30,810.0000,833.0000,781.1100,815.0000,44964679
603986,2026-07-01,803.0000,843.3800,753.0000,772.0100,53970217
603986,2026-07-02,721.0000,731.9900,694.8100,694.8100,45243641
603986,2026-07-03,672.5400,717.6600,642.3500,677.7700,62352215
603986,2026-07-06,690.0000,694.9900,630.0000,654.2900,60150228
603986,2026-07-07,625.0000,646.2000,607.0000,620.0000,51565141
603986,2026-07-08,630.0000,641.0000,589.0000,603.1700,57510792
603986,2026-07-09,633.0000,663.4900,630.0000,663.4900,59092011
603986,2026-07-10,688.0000,707.9700,607.1800,612.0000,88745662
603986,2026-07-13,580.0000,600.0000,550.8000,550.8000,66310699
603986,2026-07-14,551.0000,587.2000,534.5800,583.9900,67949024
603986,2026-07-15,600.0000,608.0700,565.2900,571.7900,55370446
603986,2026-07-16,543.2600,548.0000,514.6100,514.6100,54554237
603986,2026-07-17,500.0000,509.8800,463.1500,463.1500,67208333
603986,2026-07-20,479.0000,485.8700,416.8800,432.3000,71262184
603986,2026-07-21,446.0000,475.5300,401.0000,475.5300,74390185
603986,2026-07-22,479.9400,501.2600,460.0000,470.0000,75906055
603986,2026-07-23,480.0000,483.1600,444.2200,451.9600,47134043
603986,2026-07-24,444.0000,462.5000,438.5000,457.0000,50554262
603986,2026-07-27,446.0000,446.1000,411.3000,434.0300,62878264
603986,2026-07-28,400.2200,408.2500,390.6300,390.6300,44389637
603986,2026-07-29,373.1500,378.0000,351.5700,364.0300,90388991
603986,2026-07-30,356.7500,392.0700,342.0000,371.1000,97123885
603986,2026-07-31,408.2100,408.2100,378.0000,378.6000,85692178
603986,2026-08-03,365.5500,370.0000,340.7400,340.7400,65700912
603986,2026-08-04,341.9900,360.7600,337.1000,356.0200,63223164
603986,2026-08-05,358.0000,390.1200,358.0000,385.4400,69469011
603986,2026-08-06,363.0000,394.9400,363.0000,385.0000,61861191
603986,2026-08-07,384.0000,422.4800,383.8000,417.0500,74751809
603986,2026-08-10,415.4300,422.3000,391.1400,403.0300,63600641
603986,2026-08-11,397.0000,414.7800,396.5800,402.2900,43650230
603986,2026-08-12,408.0200,419.9500,401.6800,413.1700,45611649
603986,2026-08-13,425.2600,431.9100,402.8000,404.5000,54443925
603986,2026-08-14,419.0000,421.1800,406.5500,417.4800,47500735
603986,2026-08-17,423.9500,444.0000,420.2300,444.0000,58882572
603986,2026-08-18,449.9700,455.8100,429.0600,436.7400,60757277
603986,2026-08-19,417.0000,420.0000,393.1000,403.7100,66280613
603986,2026-08-20,410.0000,410.5900,397.8300,403.5000,36176408
603986,2026-08-21,405.0000,411.0000,400.1000,409.0600,34076661
603986,2026-08-24,404.9700,405.5100,377.9800,381.6600,44862737
603986,2026-08-25,367.0000,398.5000,367.0000,395.5100,39649525
603986,2026-08-26,399.0000,399.0000,384.8800,392.5000,28462888
603986,2026-08-27,397.0100,412.0000,394.5800,411.2000,40743045
603986,2026-08-28,406.9500,410.5300,396.5000,396.8200,35251991
603986,2026-08-31,387.0600,406.6100,387.0600,406.0000,31721977
603986,2026-09-01,406.0000,406.0100,391.5400,393.0000,25655079
603986,2026-09-02,388.0000,395.9500,387.4500,388.8600,20951274
603986,2026-09-03,393.1100,393.8900,380.1900,383.2000,23856608
603986,2026-09-04,387.5800,388.9700,368.7700,371.8800,29969135
603986,2026-09-07,382.8100,386.2600,380.3000,385.4400,34965554
603986,2026-09-08,385.8200,398.0000,381.9600,385.9600,37469761
603986,2026-09-09,390.0000,392.8700,380.0000,381.8700,22904691
603986,2026-09-10,380.8300,387.5000,379.0100,380.6400,21520771
603986,2026-09-11,371.8000,373.9900,363.0000,371.3200,29230936
603986,2026-09-14,360.0000,365.8800,355.5500,356.8800,26436533
603986,2026-09-15,356.8700,371.6600,356.0000,363.1100,29317956
603986,2026-09-16,366.1100,374.3800,360.9600,373.1400,26870695
603986,2026-09-17,370.0600,377.2300,365.3400,369.8800,23486632
603986,2026-09-18,379.9900,390.6600,378.0000,388.1800,41051390
603986,2026-09-21,396.0000,403.2300,388.1300,391.7100,32898645
603986,2026-09-22,399.9900,413.4300,394.0000,402.1000,50915065
603986,2026-09-23,406.3000,408.0600,397.4400,398.7200,26195721
603986,2026-09-24,393.0000,394.7700,383.7200,383.7700,22659484
603986,2026-09-28,380.0000,380.0000,357.1400,358.5100,28493600
603986,2026-09-29,358.5600,369.0000,358.0000,367.5700,20908175
603986,2026-09-30,369.7500,370.0000,351.2800,353.9000,24237712
603986,2026-10-08,352.0000,353.8000,338.5800,339.7300,19156402
6268,2026-02-03,4216.0000,4397.0000,4201.0000,4383.0000,1001700
6268,2026-02-04,4395.0000,4493.0000,4362.0000,4458.0000,739500
6268,2026-02-05,4550.0000,4579.0000,4455.0000,4495.0000,864300
6268,2026-02-06,4440.0000,4540.0000,4389.0000,4511.0000,632200
6268,2026-02-09,4656.0000,4658.0000,4527.0000,4567.0000,960300
6268,2026-02-10,4555.0000,4750.0000,4534.0000,4750.0000,1310900
6268,2026-02-12,4757.0000,4782.0000,4700.0000,4719.0000,1510400
6268,2026-02-13,4649.0000,4715.0000,4430.0000,4460.0000,1993600
6268,2026-02-16,4530.0000,4590.0000,4421.0000,4421.0000,1000100
6268,2026-02-17,4446.0000,4502.0000,4409.0000,4494.0000,574000
6268,2026-02-18,4548.0000,4569.0000,4432.0000,4432.0000,1087300
6268,2026-02-19,4529.0000,4718.0000,4513.0000,4670.0000,1066100
6268,2026-02-20,4600.0000,4718.0000,4577.0000,4718.0000,943400
6268,2026-02-24,4960.0000,5009.0000,4833.0000,4868.0000,1280400
6268,2026-02-25,4890.0000,4901.0000,4833.0000,4866.0000,1050600
6268,2026-02-26,5038.0000,5075.0000,4827.0000,4852.0000,810600
6268,2026-02-27,4949.0000,5095.0000,4906.0000,5083.0000,1205200
6268,2026-03-02,4955.0000,5073.0000,4874.0000,5057.0000,921700
6268,2026-03-03,5134.0000,5217.0000,4932.0000,4971.0000,1255300
6268,2026-03-04,4751.0000,4870.0000,4513.0000,4601.0000,1289600
6268,2026-03-05,4788.0000,4822.0000,4525.0000,4604.0000,894000
6268,2026-03-06,4534.0000,4624.0000,4502.0000,4600.0000,517500
6268,2026-03-09,4250.0000,4301.0000,4097.0000,4238.0000,1090700
6268,2026-03-10,4378.0000,4488.0000,4292.0000,4374.0000,935500
6268,2026-03-11,4484.0000,4587.0000,4453.0000,4519.0000,955200
6268,2026-03-12,4449.0000,4523.0000,4415.0000,4450.0000,903000
6268,2026-03-13,4310.0000,4385.0000,4300.0000,4314.0000,761500
6268,2026-03-16,4256.0000,4326.0000,4210.0000,4273.0000,694300
6268,2026-03-17,4413.0000,4494.0000,4403.0000,4431.0000,798400
6268,2026-03-18,4444.0000,4549.0000,4434.0000,4547.0000,620800
6268,2026-03-19,4407.0000,4457.0000,4337.0000,4337.0000,810000
6268,2026-03-23,4127.0000,4129.0000,3995.0000,4065.0000,651200
6268,2026-03-24,4247.0000,4247.0000,4095.0000,4188.0000,473400
6268,2026-03-25,4350.0000,4374.0000,4283.0000,4309.0000,492500
6268,2026-03-26,4361.0000,4420.0000,4268.0000,4300.0000,478400
6268,2026-03-27,4230.0000,4281.0000,4160.0000,4246.0000,826500
6268,2026-03-30,4036.0000,4044.0000,3880.0000,3957.0000,1460100
6268,2026-03-31,3800.0000,3911.0000,3756.0000,3842.0000,1204000
6268,2026-04-01,4100.0000,4233.0000,4036.0000,4232.0000,1003200
6268,2026-04-02,4293.0000,4331.0000,4088.0000,4098.0000,707900
6268,2026-04-03,4135.0000,4177.0000,4113.0000,4149.0000,559400
6268,2026-04-06,4183.0000,4285.0000,4169.0000,4264.0000,543100
6268,2026-04-07,4272.0000,4279.0000,4191.0000,4225.0000,422100
6268,2026-04-08,4500.0000,4640.0000,4453.0000,4639.0000,1169200
6268,2026-04-09,4639.0000,4705.0000,4576.0000,4649.0000,1107000
6268,2026-04-10,4675.0000,4792.0000,4658.0000,4730.0000,903000
6268,2026-04-13,4660.0000,4717.0000,4634.0000,4662.0000,753400
6268,2026-04-14,4750.0000,4760.0000,4640.0000,4654.0000,573600
6268,2026-04-15,4680.0000,4743.0000,4620.0000,4681.0000,658200
6268,2026-04-16,4690.0000,4772.0000,4663.0000,4760.0000,634800
6268,2026-04-17,4670.0000,4704.0000,4630.0000,4677.0000,682300
6268,2026-04-20,4747.0000,4906.0000,4710.0000,4881.0000,893000
6268,2026-04-21,4848.0000,4899.0000,4781.0000,4810.0000,911200
6268,2026-04-22,4729.0000,4755.0000,4610.0000,4650.0000,866300
6268,2026-04-23,4590.0000,4690.0000,4527.0000,4612.0000,846700
6268,2026-04-24,4715.0000,4758.0000,4645.0000,4688.0000,697900
6268,2026-04-27,4820.0000,5063.0000,4773.0000,5032.0000,2068300
6268,2026-04-28,5000.0000,5042.0000,4935.0000,5027.0000,1331100
6268,2026-04-30,4950.0000,5257.0000,4889.0000,5206.0000,2326700
6268,2026-05-01,5006.0000,5220.0000,4861.0000,5041.0000,3431300
6268,2026-05-07,5200.0000,5291.0000,5110.0000,5253.0000,2557700
6268,2026-05-08,5210.0000,5616.0000,5200.0000,5598.0000,2309800
6268,2026-05-11,5724.0000,5756.0000,5561.0000,5701.0000,2063100
6268,2026-05-12,5801.0000,5990.0000,5710.0000,5750.0000,2367200
6268,2026-05-13,5705.0000,5814.0000,5640.0000,5737.0000,1186100
6268,2026-05-14,6001.0000,6113.0000,5704.0000,5704.0000,1903500
6268,2026-05-15,5985.0000,5990.0000,5553.0000,5657.0000,1598800
6268,2026-05-18,5632.0000,5657.0000,5286.0000,5329.0000,2398800
6268,2026-05-19,5400.0000,5420.0000,5233.0000,5260.0000,927500
6268,2026-05-20,5160.0000,5185.0000,4903.0000,4970.0000,1468900
6268,2026-05-21,5130.0000,5388.0000,5067.0000,5312.0000,1539700
6268,2026-05-22,5612.0000,5667.0000,5495.0000,5495.0000,1480500
6268,2026-05-25,5659.0000,5802.0000,5588.0000,5648.0000,1643100
6268,2026-05-26,5700.0000,5761.0000,5556.0000,5648.0000,870300
6268,2026-05-27,5827.0000,5922.0000,5557.0000,5557.0000,1356700
6268,2026-05-28,5400.0000,5550.0000,5316.0000,5501.0000,1046600
6268,2026-05-29,5555.0000,5614.0000,5410.0000,5533.0000,1046200
6268,2026-06-01,5461.0000,5611.0000,5423.0000,5541.0000,837500
6268,2026-06-02,5641.0000,5649.0000,5283.0000,5449.0000,1606000
6268,2026-06-03,5430.0000,5606.0000,5344.0000,5502.0000,1214300
6268,2026-06-04,5230.0000,5320.0000,5183.0000,5246.0000,1144700
6268,2026-06-05,5188.0000,5217.0000,5082.0000,5173.0000,726500
6268,2026-06-08,4827.0000,4928.0000,4756.0000,4860.0000,1467000
6268,2026-06-09,4930.0000,4930.0000,4776.0000,4859.0000,1022400
6268,2026-06-10,4740.0000,4744.0000,4470.0000,4517.0000,1550300
6268,2026-06-11,4337.0000,4606.0000,4238.0000,4604.0000,1469600
6268,2026-06-12,4850.0000,4899.0000,4743.0000,4769.0000,1096900
6268,2026-06-15,5055.0000,5112.0000,5033.0000,5040.0000,1131500
6268,2026-06-16,5156.0000,5215.0000,5053.0000,5098.0000,1095400
6268,2026-06-17,5162.0000,5330.0000,5114.0000,5313.0000,1074600
6268,2026-06-18,5292.0000,5460.0000,5274.0000,5364.0000,808600
6268,2026-06-19,5452.0000,5516.0000,5329.0000,5399.0000,1009700
6268,2026-06-22,5425.0000,5737.0000,5381.0000,5707.0000,1590800
6268,2026-06-23,5736.0000,5740.0000,5143.0000,5152.0000,1539400
6268,2026-06-24,5181.0000,5427.0000,5152.0000,5296.0000,1132700
6268,2026-06-25,5496.0000,5496.0000,5305.0000,5325.0000,1031300
6268,2026-06-26,5254.0000,5320.0000,5042.0000,5102.0000,941600
6268,2026-06-29,5100.0000,5100.0000,4835.0000,5034.0000,871400
6268,2026-06-30,5102.0000,5226.0000,4996.0000,5141.0000,823700
6268,2026-07-01,5278.0000,5369.0000,5234.0000,5349.0000,920200
6268,2026-07-02,5249.0000,5328.0000,5108.0000,5216.0000,881500
6268,2026-07-03,5243.0000,5655.0000,5175.0000,5655.0000,1651100
6268,2026-07-06,5720.0000,5855.0000,5648.0000,5820.0000,1294400
6268,2026-07-07,5722.0000,5779.0000,5492.0000,5531.0000,1237900
6268,2026-07-08,5420.0000,5539.0000,5289.0000,5320.0000,1024200
6268,2026-07-09,5394.0000,5458.0000,5334.0000,5386.0000,770000
6268,2026-07-10,5536.0000,5620.0000,5421.0000,5428.0000,1060000
6268,2026-07-13,5401.0000,5428.0000,5010.0000,5089.0000,1096600
6268,2026-07-14,5013.0000,5207.0000,4925.0000,5175.0000,1667800
6268,2026-07-15,5236.0000,5362.0000,5190.0000,5330.0000,930100
6268,2026-07-16,5230.0000,5310.0000,5138.0000,5172.0000,840800
6268,2026-07-17,4655.0000,4809.0000,4589.0000,4771.0000,1992500
6268,2026-07-21,4772.0000,4915.0000,4671.0000,4907.0000,1152100
6268,2026-07-22,5000.0000,5090.0000,4935.0000,4938.0000,963300
6268,2026-07-23,4938.0000,5072.0000,4911.0000,5040.0000,881800
6268,2026-07-24,5020.0000,5050.0000,4892.0000,4907.0000,815400
6268,2026-07-27,4907.0000,4928.0000,4810.0000,4908.0000,1722200
6268,2026-07-28,4770.0000,4800.0000,4421.0000,4429.0000,1229400
6268,2026-07-29,4427.0000,4461.0000,4104.0000,4248.0000,1763700
6268,2026-07-30,4211.0000,4475.0000,4163.0000,4337.0000,1286100
6268,2026-07-31,4664.0000,4761.0000,4536.0000,4693.0000,1942300
6268,2026-08-03,4646.0000,4890.0000,4607.0000,4770.0000,2559100
6268,2026-08-04,4770.0000,4882.0000,4713.0000,4746.0000,1685400
6268,2026-08-05,4886.0000,5014.0000,4782.0000,4989.0000,1335700
6268,2026-08-06,4990.0000,5032.0000,4851.0000,4918.0000,877900
6268,2026-08-07,4910.0000,4997.0000,4752.0000,4910.0000,1114000
6268,2026-08-10,4954.0000,4997.0000,4855.0000,4886.0000,690400
6268,2026-08-12,5018.0000,5020.0000,4868.0000,5002.0000,935200
6268,2026-08-13,5069.0000,5082.0000,4945.0000,4974.0000,867400
6268,2026-08-14,4994.0000,5072.0000,4868.0000,4899.0000,936500
6268,2026-08-17,5036.0000,5070.0000,4891.0000,4938.0000,904200
6268,2026-08-18,4992.0000,5010.0000,4717.0000,4731.0000,766900
6268,2026-08-19,4511.0000,4602.0000,4478.0000,4512.0000,850000
6268,2026-08-20,4565.0000,4615.0000,4510.0000,4615.0000,809200
6268,2026-08-21,4511.0000,4577.0000,4468.0000,4527.0000,627100
6268,2026-08-24,4540.0000,4589.0000,4505.0000,4519.0000,552000
6268,2026-08-25,4524.0000,4562.0000,4451.0000,4555.0000,672400
6268,2026-08-26,4582.0000,4615.0000,4505.0000,4599.0000,512700
6268,2026-08-27,4669.0000,4700.0000,4551.0000,4581.0000,628200
6268,2026-08-28,4721.0000,4833.0000,4700.0000,4706.0000,1629400
6268,2026-08-31,4551.0000,4619.0000,4527.0000,4611.0000,1174500
6268,2026-09-01,4567.0000,4640.0000,4557.0000,4586.0000,556800
6268,2026-09-02,4433.0000,4456.0000,4311.0000,4325.0000,1442000
6268,2026-09-03,4350.0000,4421.0000,4301.0000,4394.0000,864600
6268,2026-09-04,4399.0000,4477.0000,4392.0000,4457.0000,970200
6268,2026-09-07,4597.0000,4637.0000,4563.0000,4617.0000,798100
6268,2026-09-08,4615.0000,4636.0000,4337.0000,4337.0000,1039500
6268,2026-09-09,4409.0000,4576.0000,4406.0000,4530.0000,1327800
6268,2026-09-10,4480.0000,4521.0000,4431.0000,4497.0000,813700
6268,2026-09-11,4287.0000,4438.0000,4280.0000,4438.0000,977200
6268,2026-09-14,4300.0000,4426.0000,4261.0000,4426.0000,810300
6268,2026-09-15,4342.0000,4474.0000,4342.0000,4437.0000,630100
6268,2026-09-16,4419.0000,4591.0000,4419.0000,4551.0000,1013300
6268,2026-09-17,4634.0000,4680.0000,4552.0000,4581.0000,1066800
6268,2026-09-18,4651.0000,4700.0000,4583.0000,4619.0000,1208600
6268,2026-09-24,4702.0000,4794.0000,4683.0000,4759.0000,1047200
6268,2026-09-25,4758.0000,4799.0000,4691.0000,4792.0000,861500
6268,2026-09-28,4835.0000,4835.0000,4766.0000,4782.0000,781100
6268,2026-09-29,4760.0000,4797.0000,4730.0000,4737.0000,129800
6268,2026-09-30,4932.0000,4932.0000,4866.0000,4875.0000,174300
6268,2026-10-01,4909.0000,4955.0000,4900.0000,4909.0000,113700
6268,2026-10-02,4935.0000,5046.0000,4933.0000,5005.0000,185300
6268,2026-10-05,5056.0000,5062.0000,4942.0000,4979.0000,924700
6268,2026-10-06,5026.0000,5026.0000,4943.0000,4949.0000,239600
6268,2026-10-07,4987.0000,5015.0000,4971.0000,4977.0000,107800
6268,2026-10-08,4874.0000,4874.0000,4795.0000,4825.0000,280900
6324,2026-02-03,3385.0000,3560.0000,3380.0000,3480.0000,1204800
6324,2026-02-04,3450.0000,3460.0000,3350.0000,3450.0000,1589100
6324,2026-02-05,3385.0000,3550.0000,3365.0000,3465.0000,880100
6324,2026-02-06,3460.0000,3490.0000,3345.0000,3455.0000,776000
6324,2026-02-09,3655.0000,3665.0000,3515.0000,3565.0000,978500
6324,2026-02-10,3620.0000,3800.0000,3610.0000,3800.0000,1195800
6324,2026-02-12,3900.0000,4070.0000,3740.0000,3910.0000,3231700
6324,2026-02-13,3810.0000,3865.0000,3625.0000,3625.0000,1674100
6324,2026-02-16,3625.0000,3895.0000,3595.0000,3880.0000,1274200
6324,2026-02-17,3850.0000,3870.0000,3710.0000,3750.0000,892500
6324,2026-02-18,3880.0000,3885.0000,3735.0000,3740.0000,748600
6324,2026-02-19,3765.0000,3865.0000,3755.0000,3815.0000,753900
6324,2026-02-20,4000.0000,4415.0000,3990.0000,4375.0000,3854500
6324,2026-02-24,4600.0000,4790.0000,4530.0000,4590.0000,3321200
6324,2026-02-25,4800.0000,4830.0000,4540.0000,4570.0000,1832000
6324,2026-02-26,4570.0000,4690.0000,4475.0000,4570.0000,1476700
6324,2026-02-27,4705.0000,4715.0000,4445.0000,4555.0000,1194800
6324,2026-03-02,4535.0000,4715.0000,4450.0000,4685.0000,1636500
6324,2026-03-03,4730.0000,4935.0000,4520.0000,4530.0000,1845500
6324,2026-03-04,4535.0000,4695.0000,4215.0000,4240.0000,2333300
6324,2026-03-05,4450.0000,4530.0000,4265.0000,4355.0000,1575500
6324,2026-03-06,4285.0000,4300.0000,4135.0000,4260.0000,1158000
6324,2026-03-09,3925.0000,4000.0000,3710.0000,3805.0000,2175300
6324,2026-03-10,4180.0000,4180.0000,3980.0000,4000.0000,1795600
6324,2026-03-11,4120.0000,4395.0000,4115.0000,4210.0000,1511000
6324,2026-03-12,4190.0000,4310.0000,4160.0000,4245.0000,1174000
6324,2026-03-13,4115.0000,4235.0000,4100.0000,4205.0000,802700
6324,2026-03-16,4145.0000,4295.0000,4125.0000,4280.0000,1010500
6324,2026-03-17,4420.0000,4445.0000,4170.0000,4180.0000,1324800
6324,2026-03-18,4230.0000,4380.0000,4200.0000,4360.0000,882000
6324,2026-03-19,4320.0000,4340.0000,4110.0000,4135.0000,1279400
6324,2026-03-23,3885.0000,3915.0000,3695.0000,3825.0000,2264000
6324,2026-03-24,3995.0000,4005.0000,3795.0000,3885.0000,1122900
6324,2026-03-25,4075.0000,4095.0000,3975.0000,4070.0000,1105500
6324,2026-03-26,4160.0000,4285.0000,4025.0000,4055.0000,1203200
6324,2026-03-27,4055.0000,4125.0000,3955.0000,4065.0000,865000
6324,2026-03-30,3850.0000,3895.0000,3735.0000,3790.0000,5838500
6324,2026-03-31,3600.0000,3610.0000,3440.0000,3465.0000,2414300
6324,2026-04-01,3655.0000,3670.0000,3550.0000,3655.0000,1399400
6324,2026-04-02,3725.0000,3780.0000,3485.0000,3565.0000,1602700
6324,2026-04-03,3685.0000,3725.0000,3600.0000,3715.0000,1028000
6324,2026-04-06,3740.0000,3870.0000,3740.0000,3830.0000,840300
6324,2026-04-07,3850.0000,3870.0000,3755.0000,3810.0000,744000
6324,2026-04-08,3910.0000,4155.0000,3870.0000,4155.0000,1561900
6324,2026-04-09,4115.0000,4140.0000,3935.0000,3940.0000,1104400
6324,2026-04-10,3990.0000,4040.0000,3920.0000,3990.0000,1063800
6324,2026-04-13,4005.0000,4225.0000,3990.0000,4155.0000,1436300
6324,2026-04-14,4250.0000,4255.0000,4080.0000,4080.0000,1070600
6324,2026-04-15,4220.0000,4405.0000,4220.0000,4350.0000,1790000
6324,2026-04-16,4540.0000,4815.0000,4520.0000,4695.0000,3199400
6324,2026-04-17,4585.0000,4585.0000,4420.0000,4430.0000,1368200
6324,2026-04-20,4500.0000,4675.0000,4470.0000,4515.0000,1151600
6324,2026-04-21,4685.0000,4710.0000,4455.0000,4490.0000,1114800
6324,2026-04-22,4355.0000,4425.0000,4315.0000,4385.0000,972800
6324,2026-04-23,4385.0000,4465.0000,4245.0000,4270.0000,979000
6324,2026-04-24,4285.0000,4330.0000,4190.0000,4195.0000,667900
6324,2026-04-27,4475.0000,4895.0000,4380.0000,4885.0000,3690800
6324,2026-04-28,4880.0000,4930.0000,4705.0000,4745.0000,1778700
6324,2026-04-30,4745.0000,5310.0000,4745.0000,5220.0000,2526800
6324,2026-05-01,5120.0000,5290.0000,5070.0000,5150.0000,1245100
6324,2026-05-07,5480.0000,5750.0000,5420.0000,5710.0000,1617200
6324,2026-05-08,5610.0000,6280.0000,5590.0000,6230.0000,2170200
6324,2026-05-11,6430.0000,6560.0000,6300.0000,6400.0000,1981700
6324,2026-05-12,6540.0000,6750.0000,6390.0000,6600.0000,1716200
6324,2026-05-13,6440.0000,7060.0000,6440.0000,6970.0000,3123000
6324,2026-05-14,6970.0000,7230.0000,6430.0000,6430.0000,5545500
6324,2026-05-15,6930.0000,7380.0000,6680.0000,7100.0000,3213500
6324,2026-05-18,6980.0000,7070.0000,6640.0000,6800.0000,1684000
6324,2026-05-19,6700.0000,6720.0000,5920.0000,6030.0000,3468300
6324,2026-05-20,5950.0000,6050.0000,5800.0000,5920.0000,1680400
6324,2026-05-21,6180.0000,6590.0000,6150.0000,6550.0000,1534900
6324,2026-05-22,6700.0000,7180.0000,6640.0000,7010.0000,1907200
6324,2026-05-25,7500.0000,7850.0000,7420.0000,7660.0000,1849300
6324,2026-05-26,7810.0000,8080.0000,7470.0000,8000.0000,1867600
6324,2026-05-27,8300.0000,8400.0000,7730.0000,7850.0000,1817400
6324,2026-05-28,7420.0000,7870.0000,7320.0000,7690.0000,1654400
6324,2026-05-29,7880.0000,7970.0000,7540.0000,7800.0000,1663800
6324,2026-06-01,7600.0000,8140.0000,7500.0000,7780.0000,1725100
6324,2026-06-02,7560.0000,7560.0000,6890.0000,7110.0000,2729400
6324,2026-06-03,7400.0000,7720.0000,7110.0000,7410.0000,1616200
6324,2026-06-04,7300.0000,7440.0000,6830.0000,6910.0000,1989400
6324,2026-06-05,6790.0000,7220.0000,6550.0000,7090.0000,1708900
6324,2026-06-08,6540.0000,7440.0000,6420.0000,7160.0000,2627000
6324,2026-06-09,7220.0000,7280.0000,6900.0000,7030.0000,1617300
6324,2026-06-10,6710.0000,6750.0000,6100.0000,6240.0000,2016000
6324,2026-06-11,5960.0000,6300.0000,5770.0000,6280.0000,1320000
6324,2026-06-12,6580.0000,6890.0000,6520.0000,6550.0000,1375700
6324,2026-06-15,6920.0000,6920.0000,6760.0000,6860.0000,883100
6324,2026-06-16,6970.0000,7160.0000,6730.0000,7000.0000,1234800
6324,2026-06-17,7280.0000,7890.0000,7190.0000,7850.0000,1930000
6324,2026-06-18,7950.0000,8240.0000,7770.0000,7770.0000,2523400
6324,2026-06-19,7920.0000,7980.0000,7630.0000,7770.0000,1420100
6324,2026-06-22,8220.0000,8870.0000,8170.0000,8710.0000,2503800
6324,2026-06-23,8640.0000,8750.0000,7650.0000,7700.0000,2282200
6324,2026-06-24,7750.0000,8070.0000,7420.0000,7830.0000,2023600
6324,2026-06-25,8050.0000,8050.0000,7720.0000,7900.0000,1401400
6324,2026-06-26,7690.0000,7910.0000,7070.0000,7100.0000,1548200
6324,2026-06-29,7070.0000,7130.0000,6650.0000,7120.0000,1471200
6324,2026-06-30,7530.0000,7970.0000,7280.0000,7790.0000,1892200
6324,2026-07-01,7800.0000,8080.0000,7680.0000,8010.0000,1619600
6324,2026-07-02,7800.0000,8470.0000,7690.0000,8130.0000,2363700
6324,2026-07-03,7840.0000,8840.0000,7470.0000,8840.0000,4155900
6324,2026-07-06,8800.0000,9150.0000,8430.0000,8890.0000,2883200
6324,2026-07-07,8590.0000,8730.0000,7890.0000,7940.0000,2481700
6324,2026-07-08,7820.0000,8090.0000,7530.0000,7590.0000,2271200
6324,2026-07-09,7650.0000,7930.0000,7440.0000,7510.0000,1489700
6324,2026-07-10,7700.0000,8200.0000,7610.0000,7880.0000,1638100
6324,2026-07-13,7950.0000,8070.0000,6990.0000,7240.0000,1968500
6324,2026-07-14,7220.0000,7550.0000,6810.0000,7540.0000,2312400
6324,2026-07-15,7660.0000,7680.0000,7100.0000,7430.0000,1285400
6324,2026-07-16,7220.0000,7320.0000,7060.0000,7200.0000,1306900
6324,2026-07-17,6900.0000,6910.0000,6330.0000,6470.0000,2014400
6324,2026-07-21,6480.0000,6630.0000,6180.0000,6570.0000,1489000
6324,2026-07-22,6750.0000,7180.0000,6730.0000,6880.0000,1683000
6324,2026-07-23,6900.0000,7130.0000,6850.0000,6870.0000,1075800
6324,2026-07-24,6770.0000,6840.0000,6490.0000,6560.0000,918000
6324,2026-07-27,6660.0000,6820.0000,6360.0000,6590.0000,1276500
6324,2026-07-28,6240.0000,6270.0000,5660.0000,5780.0000,2057600
6324,2026-07-29,5790.0000,5930.0000,5260.0000,5440.0000,2131400
6324,2026-07-30,5350.0000,5810.0000,5270.0000,5500.0000,1843700
6324,2026-07-31,6100.0000,6300.0000,5880.0000,6140.0000,1957700
6324,2026-08-03,5960.0000,6390.0000,5850.0000,6330.0000,1592300
6324,2026-08-04,6500.0000,6950.0000,6460.0000,6840.0000,1903200
6324,2026-08-05,7000.0000,7430.0000,6940.0000,7390.0000,1729900
6324,2026-08-06,7400.0000,7480.0000,6980.0000,7130.0000,1543600
6324,2026-08-07,7150.0000,7270.0000,6770.0000,7160.0000,1660300
6324,2026-08-10,6890.0000,7160.0000,6310.0000,6380.0000,2190600
6324,2026-08-12,6480.0000,6510.0000,6230.0000,6400.0000,1353700
6324,2026-08-13,6450.0000,6800.0000,6360.0000,6750.0000,1316500
6324,2026-08-14,6750.0000,6890.0000,6380.0000,6510.0000,1310400
6324,2026-08-17,6610.0000,6660.0000,6360.0000,6510.0000,851300
6324,2026-08-18,6330.0000,6610.0000,5830.0000,5960.0000,2056800
6324,2026-08-19,5730.0000,5830.0000,5500.0000,5670.0000,2080700
6324,2026-08-20,5660.0000,5850.0000,5630.0000,5830.0000,971900
6324,2026-08-21,5680.0000,5750.0000,5540.0000,5700.0000,1399400
6324,2026-08-24,5700.0000,5780.0000,5590.0000,5680.0000,843200
6324,2026-08-25,5680.0000,5800.0000,5640.0000,5780.0000,1072400
6324,2026-08-26,5870.0000,5880.0000,5680.0000,5760.0000,734700
6324,2026-08-27,6020.0000,6080.0000,5680.0000,5780.0000,847000
6324,2026-08-28,5850.0000,5950.0000,5710.0000,5750.0000,578700
6324,2026-08-31,5530.0000,5790.0000,5450.0000,5790.0000,1023500
6324,2026-09-01,5590.0000,5750.0000,5540.0000,5630.0000,839300
6324,2026-09-02,5580.0000,5590.0000,5300.0000,5320.0000,1064300
6324,2026-09-03,5380.0000,5540.0000,5290.0000,5430.0000,1010000
6324,2026-09-04,5440.0000,5780.0000,5390.0000,5730.0000,1197700
6324,2026-09-07,6000.0000,6000.0000,5870.0000,5970.0000,990900
6324,2026-09-08,5960.0000,6030.0000,5700.0000,5700.0000,1110000
6324,2026-09-09,5750.0000,6000.0000,5740.0000,5820.0000,1000100
6324,2026-09-10,5750.0000,6030.0000,5750.0000,5980.0000,936100
6324,2026-09-11,5680.0000,5990.0000,5650.0000,5790.0000,2221100
6324,2026-09-14,5600.0000,5870.0000,5540.0000,5830.0000,681600
6324,2026-09-15,5730.0000,6000.0000,5700.0000,5850.0000,658900
6324,2026-09-16,5810.0000,6000.0000,5790.0000,5970.0000,557400
6324,2026-09-17,6170.0000,6220.0000,5930.0000,5970.0000,1004000
6324,2026-09-18,6170.0000,6260.0000,6070.0000,6200.0000,1256800
6324,2026-09-24,6220.0000,6410.0000,6160.0000,6350.0000,1318100
6324,2026-09-25,6290.0000,6390.0000,6080.0000,6300.0000,814800
6324,2026-09-28,6370.0000,6570.0000,6310.0000,6400.0000,996500
6324,2026-09-29,6300.0000,6570.0000,6270.0000,6450.0000,295900
6324,2026-09-30,6550.0000,6650.0000,6500.0000,6510.0000,142000
6324,2026-10-01,6460.0000,6520.0000,6420.0000,6460.0000,128900
6324,2026-10-02,6520.0000,6670.0000,6500.0000,6620.0000,179600
6324,2026-10-05,6700.0000,6770.0000,6590.0000,6660.0000,716900
6324,2026-10-06,6680.0000,6700.0000,6480.0000,6530.0000,289100
6324,2026-10-07,6600.0000,6670.0000,6590.0000,6610.0000,130700
6324,2026-10-08,6510.0000,6520.0000,6370.0000,6450.0000,346900
6501,2026-02-17,5060.0000,5075.0000,4821.0000,4897.0000,24233700
6501,2026-02-18,4947.0000,4975.0000,4853.0000,4912.0000,21394500
6501,2026-02-19,5050.0000,5107.0000,4980.0000,4992.0000,20016700
6501,2026-02-20,4992.0000,4993.0000,4913.0000,4930.0000,13369000
6501,2026-02-24,4900.0000,5007.0000,4749.0000,4813.0000,22878700
6501,2026-02-25,5023.0000,5035.0000,4865.0000,4880.0000,16876900
6501,2026-02-26,5030.0000,5158.0000,5028.0000,5148.0000,21175700
6501,2026-02-27,5200.0000,5266.0000,5105.0000,5226.0000,20584000
6501,2026-03-02,5100.0000,5124.0000,5025.0000,5069.0000,15993200
6501,2026-03-03,4941.0000,4983.0000,4787.0000,4815.0000,20029000
6501,2026-03-04,4815.0000,4847.0000,4657.0000,4750.0000,22129900
6501,2026-03-05,5000.0000,5000.0000,4837.0000,4860.0000,17159200
6501,2026-03-06,4790.0000,4831.0000,4751.0000,4831.0000,14010900
6501,2026-03-09,4567.0000,4719.0000,4543.0000,4718.0000,17993200
6501,2026-03-10,4915.0000,4965.0000,4857.0000,4932.0000,20523000
6501,2026-03-11,4948.0000,4969.0000,4834.0000,4866.0000,12709700
6501,2026-03-12,4800.0000,4926.0000,4790.0000,4926.0000,14597400
6501,2026-03-13,4786.0000,4875.0000,4745.0000,4853.0000,14460100
6501,2026-03-16,4801.0000,4876.0000,4762.0000,4800.0000,10958600
6501,2026-03-17,4880.0000,4910.0000,4776.0000,4801.0000,9841200
6501,2026-03-18,4849.0000,4887.0000,4812.0000,4869.0000,9901900
6501,2026-03-19,4803.0000,4907.0000,4791.0000,4849.0000,16630800
6501,2026-03-23,4730.0000,4844.0000,4636.0000,4800.0000,14999900
6501,2026-03-24,4907.0000,4917.0000,4742.0000,4810.0000,12308100
6501,2026-03-25,4880.0000,4906.0000,4812.0000,4881.0000,13127600
6501,2026-03-26,4853.0000,4862.0000,4719.0000,4779.0000,12080000
6501,2026-03-27,4709.0000,4763.0000,4672.0000,4716.0000,13897900
6501,2026-03-30,4484.0000,4541.0000,4388.0000,4533.0000,18209400
6501,2026-03-31,4465.0000,4580.0000,4446.0000,4464.0000,13171100
6501,2026-04-01,4720.0000,4752.0000,4642.0000,4732.0000,13925900
6501,2026-04-02,4802.0000,4844.0000,4639.0000,4675.0000,12344100
6501,2026-04-03,4800.0000,4840.0000,4780.0000,4811.0000,7658200
6501,2026-04-06,4805.0000,4811.0000,4719.0000,4719.0000,7853200
6501,2026-04-07,4718.0000,4787.0000,4712.0000,4764.0000,7102400
6501,2026-04-08,4954.0000,4955.0000,4850.0000,4915.0000,13616600
6501,2026-04-09,4945.0000,4946.0000,4818.0000,4843.0000,13677900
6501,2026-04-10,4830.0000,4859.0000,4770.0000,4810.0000,11797600
6501,2026-04-13,4880.0000,4945.0000,4826.0000,4848.0000,12164800
6501,2026-04-14,4930.0000,4957.0000,4855.0000,4957.0000,12203300
6501,2026-04-15,5060.0000,5233.0000,5025.0000,5220.0000,22050700
6501,2026-04-16,5210.0000,5274.0000,5157.0000,5220.0000,15083400
6501,2026-04-17,5167.0000,5210.0000,5109.0000,5157.0000,10437400
6501,2026-04-20,5193.0000,5257.0000,5117.0000,5153.0000,8848200
6501,2026-04-21,5110.0000,5189.0000,5097.0000,5189.0000,8784900
6501,2026-04-22,5129.0000,5138.0000,5034.0000,5034.0000,11183900
6501,2026-04-23,5185.0000,5298.0000,5130.0000,5203.0000,18639900
6501,2026-04-24,5230.0000,5235.0000,5095.0000,5229.0000,10572600
6501,2026-04-27,5333.0000,5422.0000,5258.0000,5356.0000,18121800
6501,2026-04-28,5200.0000,5202.0000,4990.0000,5047.0000,29820000
6501,2026-04-30,4947.0000,5018.0000,4828.0000,4882.0000,22771900
6501,2026-05-01,4800.0000,4861.0000,4775.0000,4795.0000,11393000
6501,2026-05-07,4900.0000,4981.0000,4850.0000,4850.0000,25537000
6501,2026-05-08,4844.0000,4973.0000,4806.0000,4938.0000,16696700
6501,2026-05-11,4920.0000,5012.0000,4795.0000,4887.0000,15801200
6501,2026-05-12,4892.0000,4959.0000,4812.0000,4868.0000,11607400
6501,2026-05-13,4775.0000,4844.0000,4702.0000,4750.0000,14259600
6501,2026-05-14,4700.0000,4736.0000,4646.0000,4671.0000,14167400
6501,2026-05-15,4690.0000,4845.0000,4683.0000,4812.0000,15316500
6501,2026-05-18,4755.0000,4818.0000,4723.0000,4808.0000,9951800
6501,2026-05-19,4900.0000,5019.0000,4863.0000,4944.0000,17371300
6501,2026-05-20,4883.0000,4934.0000,4814.0000,4908.0000,13438800
6501,2026-05-21,4907.0000,5123.0000,4882.0000,5123.0000,17823800
6501,2026-05-22,5105.0000,5153.0000,4995.0000,5002.0000,13406000
6501,2026-05-25,5050.0000,5102.0000,5000.0000,5054.0000,9871700
6501,2026-05-26,5095.0000,5134.0000,5024.0000,5056.0000,8934400
6501,2026-05-27,5100.0000,5108.0000,4955.0000,4960.0000,10796000
6501,2026-05-28,4963.0000,5194.0000,4962.0000,5174.0000,17942700
6501,2026-05-29,5374.0000,5375.0000,5166.0000,5166.0000,27362800
6501,2026-06-01,5200.0000,5274.0000,5076.0000,5126.0000,13201200
6501,2026-06-02,5126.0000,5140.0000,4987.0000,5083.0000,10393900
6501,2026-06-03,5139.0000,5375.0000,5129.0000,5270.0000,15132500
6501,2026-06-04,5180.0000,5215.0000,5131.0000,5183.0000,8401300
6501,2026-06-05,5146.0000,5369.0000,5141.0000,5300.0000,11799100
6501,2026-06-08,5095.0000,5148.0000,4968.0000,5031.0000,14584100
6501,2026-06-09,5113.0000,5113.0000,4864.0000,4882.0000,14980900
6501,2026-06-10,4906.0000,4924.0000,4782.0000,4784.0000,15252700
6501,2026-06-11,4641.0000,4679.0000,4579.0000,4655.0000,15175900
6501,2026-06-12,4682.0000,4740.0000,4585.0000,4657.0000,18882700
6501,2026-06-15,4704.0000,4828.0000,4703.0000,4737.0000,13258100
6501,2026-06-16,4741.0000,4798.0000,4646.0000,4747.0000,11238700
6501,2026-06-17,4692.0000,4736.0000,4670.0000,4701.0000,11385900
6501,2026-06-18,4680.0000,4805.0000,4680.0000,4800.0000,13329600
6501,2026-06-19,4805.0000,4854.0000,4690.0000,4764.0000,18577100
6501,2026-06-22,4702.0000,4914.0000,4702.0000,4864.0000,10220000
6501,2026-06-23,4930.0000,4948.0000,4750.0000,4750.0000,12304900
6501,2026-06-24,4719.0000,4747.0000,4632.0000,4691.0000,11616300
6501,2026-06-25,4714.0000,4717.0000,4554.0000,4554.0000,12236600
6501,2026-06-26,4484.0000,4547.0000,4478.0000,4478.0000,13899700
6501,2026-06-29,4530.0000,4541.0000,4435.0000,4486.0000,11492800
6501,2026-06-30,4494.0000,4499.0000,4422.0000,4471.0000,12297000
6501,2026-07-01,4550.0000,4555.0000,4476.0000,4496.0000,11138200
6501,2026-07-02,4595.0000,4719.0000,4520.0000,4669.0000,16571400
6501,2026-07-03,4711.0000,4713.0000,4571.0000,4615.0000,9892300
6501,2026-07-06,4699.0000,4805.0000,4682.0000,4805.0000,11352800
6501,2026-07-07,4822.0000,5004.0000,4790.0000,4942.0000,20014200
6501,2026-07-08,4872.0000,4890.0000,4769.0000,4778.0000,11272800
6501,2026-07-09,4750.0000,4810.0000,4703.0000,4758.0000,7238600
6501,2026-07-10,4725.0000,4768.0000,4686.0000,4700.0000,11624900
6501,2026-07-13,4700.0000,4775.0000,4686.0000,4716.0000,9347200
6501,2026-07-14,4724.0000,4817.0000,4714.0000,4802.0000,8776800
6501,2026-07-15,4795.0000,4812.0000,4651.0000,4796.0000,13914900
6501,2026-07-16,4771.0000,4894.0000,4726.0000,4828.0000,13955100
6501,2026-07-17,4688.0000,4779.0000,4616.0000,4717.0000,12028800
6501,2026-07-21,4696.0000,4832.0000,4675.0000,4792.0000,11059300
6501,2026-07-22,4789.0000,4872.0000,4762.0000,4807.0000,9137700
6501,2026-07-23,4827.0000,4889.0000,4813.0000,4854.0000,8471800
6501,2026-07-24,4840.0000,4873.0000,4795.0000,4850.0000,7130900
6501,2026-07-27,4920.0000,5034.0000,4910.0000,5023.0000,11712100
6501,2026-07-28,4923.0000,4946.0000,4797.0000,4890.0000,12339000
6501,2026-07-29,4911.0000,4993.0000,4885.0000,4957.0000,13881100
6501,2026-07-30,5200.0000,5267.0000,4990.0000,5255.0000,24607900
6501,2026-07-31,5299.0000,5362.0000,5170.0000,5267.0000,19901100
6501,2026-08-03,5181.0000,5336.0000,5167.0000,5301.0000,14071300
6501,2026-08-04,5390.0000,5527.0000,5312.0000,5412.0000,15277700
6501,2026-08-05,5425.0000,5498.0000,5314.0000,5476.0000,14031000
6501,2026-08-06,5425.0000,5595.0000,5424.0000,5500.0000,11584500
6501,2026-08-07,5503.0000,5620.0000,5475.0000,5620.0000,12076900
6501,2026-08-10,5590.0000,5689.0000,5575.0000,5620.0000,11815200
6501,2026-08-12,5589.0000,5697.0000,5537.0000,5669.0000,11575200
6501,2026-08-13,5677.0000,5764.0000,5657.0000,5702.0000,9441100
6501,2026-08-14,5670.0000,5830.0000,5670.0000,5767.0000,10672600
6501,2026-08-17,5668.0000,5688.0000,5568.0000,5571.0000,9693800
6501,2026-08-18,5500.0000,5552.0000,5472.0000,5514.0000,11545800
6501,2026-08-19,5322.0000,5376.0000,5216.0000,5225.0000,13005100
6501,2026-08-20,5273.0000,5354.0000,5233.0000,5263.0000,9035500
6501,2026-08-21,5263.0000,5298.0000,5186.0000,5196.0000,10673600
6501,2026-08-24,5278.0000,5336.0000,5248.0000,5266.0000,8736100
6501,2026-08-25,5243.0000,5300.0000,5166.0000,5300.0000,7142800
6501,2026-08-26,5320.0000,5396.0000,5306.0000,5307.0000,8709500
6501,2026-08-27,5361.0000,5465.0000,5314.0000,5433.0000,9614800
6501,2026-08-28,5512.0000,5645.0000,5486.0000,5550.0000,15398000
6501,2026-08-31,5452.0000,5480.0000,5395.0000,5438.0000,10725200
6501,2026-09-01,5420.0000,5573.0000,5407.0000,5541.0000,8838600
6501,2026-09-02,5453.0000,5478.0000,5312.0000,5335.0000,11452000
6501,2026-09-03,5377.0000,5428.0000,5319.0000,5352.0000,7544400
6501,2026-09-04,5425.0000,5426.0000,5330.0000,5377.0000,8019400
6501,2026-09-07,5418.0000,5445.0000,5350.0000,5358.0000,6868400
6501,2026-09-08,5300.0000,5312.0000,5187.0000,5187.0000,7749800
6501,2026-09-09,5150.0000,5233.0000,5121.0000,5173.0000,8454600
6501,2026-09-10,5130.0000,5182.0000,5130.0000,5182.0000,7143900
6501,2026-09-11,5044.0000,5200.0000,5040.0000,5199.0000,9761900
6501,2026-09-14,5219.0000,5387.0000,5167.0000,5325.0000,9012800
6501,2026-09-15,5281.0000,5301.0000,5196.0000,5221.0000,8785600
6501,2026-09-16,5263.0000,5410.0000,5250.0000,5372.0000,7394100
6501,2026-09-17,5399.0000,5510.0000,5390.0000,5475.0000,8733900
6501,2026-09-18,5497.0000,5530.0000,5425.0000,5524.0000,15940600
6501,2026-09-24,5582.0000,5590.0000,5452.0000,5497.0000,13495800
6501,2026-09-25,5512.0000,5578.0000,5485.0000,5536.0000,9858600
6501,2026-09-28,5490.0000,5621.0000,5490.0000,5518.0000,10745800
6501,2026-09-29,5504.0000,5572.0000,5469.0000,5507.0000,2176700
6501,2026-09-30,5465.0000,5492.0000,5431.0000,5468.0000,2249800
6501,2026-10-01,5460.0000,5520.0000,5443.0000,5492.0000,2589700
6501,2026-10-02,5455.0000,5541.0000,5455.0000,5504.0000,3294000
6501,2026-10-05,5638.0000,5693.0000,5604.0000,5642.0000,9943600
6501,2026-10-06,5682.0000,5742.0000,5659.0000,5662.0000,3556000
6501,2026-10-07,5712.0000,5835.0000,5700.0000,5762.0000,3995600
6501,2026-10-08,5622.0000,5669.0000,5561.0000,5573.0000,2286100
6503,2026-02-03,4922.0000,5000.0000,4900.0000,5000.0000,5977300
6503,2026-02-04,5150.0000,5383.0000,5085.0000,5383.0000,14837800
6503,2026-02-05,5322.0000,5402.0000,5256.0000,5358.0000,11376600
6503,2026-02-06,5285.0000,5510.0000,5281.0000,5479.0000,6973800
6503,2026-02-09,5979.0000,5990.0000,5688.0000,5753.0000,11348200
6503,2026-02-10,5889.0000,5902.0000,5750.0000,5814.0000,9494900
6503,2026-02-12,5850.0000,5941.0000,5792.0000,5821.0000,8968100
6503,2026-02-13,5721.0000,5786.0000,5575.0000,5590.0000,10815500
6503,2026-02-16,5643.0000,5646.0000,5519.0000,5519.0000,5102500
6503,2026-02-17,5500.0000,5509.0000,5368.0000,5467.0000,5791500
6503,2026-02-18,5556.0000,5658.0000,5514.0000,5625.0000,5949700
6503,2026-02-19,5645.0000,5780.0000,5630.0000,5731.0000,6508200
6503,2026-02-20,5695.0000,5850.0000,5615.0000,5850.0000,6983300
6503,2026-02-24,5922.0000,5947.0000,5790.0000,5916.0000,8972200
6503,2026-02-25,5950.0000,5955.0000,5716.0000,5860.0000,8492100
6503,2026-02-26,5900.0000,6060.0000,5850.0000,5870.0000,8464800
6503,2026-02-27,5857.0000,6018.0000,5851.0000,5991.0000,8186300
6503,2026-03-02,5850.0000,5997.0000,5795.0000,5994.0000,5233000
6503,2026-03-03,5925.0000,5950.0000,5634.0000,5634.0000,13169300
6503,2026-03-04,5520.0000,5627.0000,5324.0000,5469.0000,9337700
6503,2026-03-05,5700.0000,5775.0000,5534.0000,5618.0000,8046400
6503,2026-03-06,5490.0000,5534.0000,5370.0000,5518.0000,5275600
6503,2026-03-09,5170.0000,5259.0000,5077.0000,5235.0000,7878000
6503,2026-03-10,5335.0000,5483.0000,5301.0000,5417.0000,5815000
6503,2026-03-11,5500.0000,5569.0000,5463.0000,5499.0000,5716200
6503,2026-03-12,5406.0000,5575.0000,5405.0000,5523.0000,4972300
6503,2026-03-13,5338.0000,5480.0000,5337.0000,5456.0000,4956800
6503,2026-03-16,5425.0000,5470.0000,5290.0000,5353.0000,5855300
6503,2026-03-17,5453.0000,5516.0000,5412.0000,5459.0000,4902000
6503,2026-03-18,5550.0000,5664.0000,5502.0000,5639.0000,4594900
6503,2026-03-19,5539.0000,5597.0000,5478.0000,5483.0000,7867000
6503,2026-03-23,5183.0000,5237.0000,5069.0000,5144.0000,7279000
6503,2026-03-24,5319.0000,5319.0000,5178.0000,5275.0000,3909300
6503,2026-03-25,5432.0000,5557.0000,5405.0000,5539.0000,5387700
6503,2026-03-26,5578.0000,5709.0000,5383.0000,5456.0000,4881300
6503,2026-03-27,5380.0000,5415.0000,5234.0000,5335.0000,7564900
6503,2026-03-30,5008.0000,5081.0000,4957.0000,5042.0000,7621400
6503,2026-03-31,4945.0000,5101.0000,4931.0000,4988.0000,7408600
6503,2026-04-01,5237.0000,5337.0000,5183.0000,5337.0000,8731700
6503,2026-04-02,5426.0000,5465.0000,5156.0000,5157.0000,6041100
6503,2026-04-03,5344.0000,5377.0000,5289.0000,5306.0000,3487500
6503,2026-04-06,5300.0000,5406.0000,5299.0000,5300.0000,3453100
6503,2026-04-07,5349.0000,5391.0000,5310.0000,5386.0000,3475800
6503,2026-04-08,5595.0000,5648.0000,5546.0000,5619.0000,5868900
6503,2026-04-09,5670.0000,5710.0000,5590.0000,5639.0000,5402400
6503,2026-04-10,5700.0000,5853.0000,5664.0000,5813.0000,6068800
6503,2026-04-13,5742.0000,5867.0000,5704.0000,5814.0000,4120200
6503,2026-04-14,5914.0000,5921.0000,5835.0000,5859.0000,5422000
6503,2026-04-15,5990.0000,5998.0000,5777.0000,5811.0000,5117500
6503,2026-04-16,5878.0000,5981.0000,5878.0000,5975.0000,4956600
6503,2026-04-17,5904.0000,5944.0000,5799.0000,5799.0000,5511200
6503,2026-04-20,5883.0000,6107.0000,5866.0000,6088.0000,5914100
6503,2026-04-21,6100.0000,6160.0000,6028.0000,6028.0000,5315200
6503,2026-04-22,5901.0000,5938.0000,5845.0000,5935.0000,4450800
6503,2026-04-23,5869.0000,5905.0000,5739.0000,5881.0000,7685300
6503,2026-04-24,5959.0000,6010.0000,5814.0000,5999.0000,4219000
6503,2026-04-27,6039.0000,6129.0000,5943.0000,6048.0000,7729900
6503,2026-04-28,6048.0000,6231.0000,5955.0000,6078.0000,9526000
6503,2026-04-30,6398.0000,6490.0000,6115.0000,6231.0000,13025200
6503,2026-05-01,6269.0000,6330.0000,6061.0000,6071.0000,6295700
6503,2026-05-07,6377.0000,6636.0000,6349.0000,6448.0000,12043300
6503,2026-05-08,6448.0000,6591.0000,6401.0000,6460.0000,8585500
6503,2026-05-11,6467.0000,6615.0000,6382.0000,6447.0000,7418200
6503,2026-05-12,6623.0000,6667.0000,6373.0000,6373.0000,5642700
6503,2026-05-13,6333.0000,6495.0000,6296.0000,6468.0000,4512200
6503,2026-05-14,6463.0000,6512.0000,6382.0000,6436.0000,6838400
6503,2026-05-15,6500.0000,6662.0000,6296.0000,6416.0000,8906700
6503,2026-05-18,6380.0000,6394.0000,6200.0000,6350.0000,6997100
6503,2026-05-19,6312.0000,6330.0000,6018.0000,6020.0000,9166700
6503,2026-05-20,5823.0000,5895.0000,5623.0000,5747.0000,10679400
6503,2026-05-21,6008.0000,6124.0000,5957.0000,6069.0000,8500900
6503,2026-05-22,6080.0000,6359.0000,6080.0000,6301.0000,6834800
6503,2026-05-25,6414.0000,6614.0000,6392.0000,6560.0000,5608300
6503,2026-05-26,6554.0000,6675.0000,6497.0000,6539.0000,5113000
6503,2026-05-27,6650.0000,6686.0000,6488.0000,6500.0000,5960900
6503,2026-05-28,6321.0000,6565.0000,6320.0000,6557.0000,7953400
6503,2026-05-29,6500.0000,6641.0000,6290.0000,6558.0000,14852400
6503,2026-06-01,6560.0000,6682.0000,6069.0000,6088.0000,10106300
6503,2026-06-02,6060.0000,6133.0000,5867.0000,6001.0000,9193900
6503,2026-06-03,6101.0000,6177.0000,6030.0000,6085.0000,5455800
6503,2026-06-04,6051.0000,6084.0000,5908.0000,5952.0000,6699000
6503,2026-06-05,5899.0000,6043.0000,5797.0000,6014.0000,5707800
6503,2026-06-08,5514.0000,5707.0000,5490.0000,5668.0000,7398800
6503,2026-06-09,5868.0000,5868.0000,5685.0000,5819.0000,7745700
6503,2026-06-10,5750.0000,5767.0000,5471.0000,5572.0000,9152600
6503,2026-06-11,5372.0000,5446.0000,5225.0000,5446.0000,7318500
6503,2026-06-12,5621.0000,5661.0000,5455.0000,5545.0000,8209700
6503,2026-06-15,5700.0000,5903.0000,5676.0000,5858.0000,6107400
6503,2026-06-16,5958.0000,6009.0000,5820.0000,5872.0000,6728200
6503,2026-06-17,5853.0000,5925.0000,5790.0000,5863.0000,4255000
6503,2026-06-18,6163.0000,6230.0000,6040.0000,6056.0000,6755700
6503,2026-06-19,6148.0000,6166.0000,6023.0000,6051.0000,6589200
6503,2026-06-22,6121.0000,6253.0000,6065.0000,6183.0000,4105900
6503,2026-06-23,6283.0000,6345.0000,6087.0000,6104.0000,6378500
6503,2026-06-24,6004.0000,6052.0000,5882.0000,5982.0000,6046300
6503,2026-06-25,6082.0000,6110.0000,5927.0000,5986.0000,5408200
6503,2026-06-26,5927.0000,5942.0000,5790.0000,5858.0000,4893500
6503,2026-06-29,5925.0000,5935.0000,5724.0000,5860.0000,5025400
6503,2026-06-30,5980.0000,5980.0000,5782.0000,5876.0000,4773000
6503,2026-07-01,5966.0000,6040.0000,5888.0000,6034.0000,5406300
6503,2026-07-02,5934.0000,6020.0000,5845.0000,5913.0000,5264200
6503,2026-07-03,5868.0000,5968.0000,5795.0000,5944.0000,4126300
6503,2026-07-06,5970.0000,6078.0000,5938.0000,6043.0000,4086700
6503,2026-07-07,6074.0000,6171.0000,5896.0000,5947.0000,5447100
6503,2026-07-08,5847.0000,5904.0000,5699.0000,5699.0000,6314100
6503,2026-07-09,5730.0000,5826.0000,5722.0000,5783.0000,3365800
6503,2026-07-10,5867.0000,5910.0000,5800.0000,5827.0000,3949600
6503,2026-07-13,5836.0000,5872.0000,5598.0000,5647.0000,4924600
6503,2026-07-14,5676.0000,5686.0000,5512.0000,5592.0000,5256900
6503,2026-07-15,5747.0000,5769.0000,5609.0000,5764.0000,4745000
6503,2026-07-16,5680.0000,5737.0000,5650.0000,5666.0000,4058500
6503,2026-07-17,5566.0000,5577.0000,5203.0000,5370.0000,7417200
6503,2026-07-21,5413.0000,5591.0000,5306.0000,5591.0000,6347000
6503,2026-07-22,5669.0000,5795.0000,5629.0000,5629.0000,5262700
6503,2026-07-23,5700.0000,5764.0000,5673.0000,5746.0000,4022600
6503,2026-07-24,5679.0000,5686.0000,5586.0000,5650.0000,3355200
6503,2026-07-27,5632.0000,5681.0000,5552.0000,5669.0000,5310700
6503,2026-07-28,5480.0000,5500.0000,5291.0000,5319.0000,6391900
6503,2026-07-29,5238.0000,5297.0000,5050.0000,5172.0000,8659200
6503,2026-07-30,5072.0000,5358.0000,5071.0000,5318.0000,8047800
6503,2026-07-31,5550.0000,5912.0000,5531.0000,5912.0000,10558100
6503,2026-08-03,5712.0000,5773.0000,5357.0000,5536.0000,13219500
6503,2026-08-04,5636.0000,5699.0000,5500.0000,5649.0000,7340000
6503,2026-08-05,5748.0000,5866.0000,5678.0000,5848.0000,6634100
6503,2026-08-06,5925.0000,6061.0000,5799.0000,5870.0000,7307800
6503,2026-08-07,5827.0000,5900.0000,5752.0000,5826.0000,6142000
6503,2026-08-10,5850.0000,5940.0000,5809.0000,5844.0000,4778500
6503,2026-08-12,5799.0000,5906.0000,5695.0000,5892.0000,4882600
6503,2026-08-13,5972.0000,6079.0000,5949.0000,6020.0000,4841400
6503,2026-08-14,6096.0000,6265.0000,6079.0000,6153.0000,7545200
6503,2026-08-17,6160.0000,6203.0000,6062.0000,6126.0000,3726600
6503,2026-08-18,6149.0000,6224.0000,6012.0000,6031.0000,3848700
6503,2026-08-19,5702.0000,5757.0000,5612.0000,5641.0000,6192100
6503,2026-08-20,5662.0000,5730.0000,5621.0000,5655.0000,5298800
6503,2026-08-21,5507.0000,5611.0000,5497.0000,5602.0000,5763500
6503,2026-08-24,5596.0000,5636.0000,5500.0000,5568.0000,3418300
6503,2026-08-25,5501.0000,5614.0000,5451.0000,5614.0000,3621800
6503,2026-08-26,5635.0000,5648.0000,5545.0000,5619.0000,4672400
6503,2026-08-27,5667.0000,5677.0000,5563.0000,5563.0000,4817600
6503,2026-08-28,5626.0000,5679.0000,5590.0000,5648.0000,6031600
6503,2026-08-31,5500.0000,5585.0000,5464.0000,5585.0000,6314700
6503,2026-09-01,5521.0000,5616.0000,5507.0000,5521.0000,5430900
6503,2026-09-02,5431.0000,5450.0000,5255.0000,5276.0000,7514400
6503,2026-09-03,5323.0000,5356.0000,5237.0000,5310.0000,5502100
6503,2026-09-04,5217.0000,5306.0000,5188.0000,5248.0000,7714900
6503,2026-09-07,5300.0000,5400.0000,5285.0000,5385.0000,5665500
6503,2026-09-08,5325.0000,5325.0000,5066.0000,5066.0000,6387400
6503,2026-09-09,5060.0000,5187.0000,5043.0000,5168.0000,6506800
6503,2026-09-10,5134.0000,5138.0000,5045.0000,5095.0000,4696600
6503,2026-09-11,4936.0000,5050.0000,4936.0000,5027.0000,6163500
6503,2026-09-14,5000.0000,5139.0000,4964.0000,5122.0000,4591300
6503,2026-09-15,5022.0000,5134.0000,5006.0000,5100.0000,6786200
6503,2026-09-16,5115.0000,5182.0000,5110.0000,5160.0000,3138300
6503,2026-09-17,5222.0000,5250.0000,5139.0000,5164.0000,4392800
6503,2026-09-18,5215.0000,5237.0000,5126.0000,5126.0000,6822100
6503,2026-09-24,5190.0000,5313.0000,5158.0000,5274.0000,6073800
6503,2026-09-25,5242.0000,5279.0000,5210.0000,5239.0000,6640500
6503,2026-09-28,5218.0000,5293.0000,5196.0000,5213.0000,7216200
6503,2026-09-29,5164.0000,5180.0000,5117.0000,5125.0000,1105700
6503,2026-09-30,5131.0000,5216.0000,5130.0000,5206.0000,865900
6503,2026-10-01,5183.0000,5237.0000,5154.0000,5221.0000,836700
6503,2026-10-02,5264.0000,5322.0000,5257.0000,5292.0000,1120100
6503,2026-10-05,5328.0000,5387.0000,5322.0000,5367.0000,4546900
6503,2026-10-06,5375.0000,5404.0000,5323.0000,5324.0000,1520100
6503,2026-10-07,5300.0000,5363.0000,5292.0000,5321.0000,1522600
6503,2026-10-08,5225.0000,5235.0000,5107.0000,5109.0000,1411800
6506,2026-02-27,5392.0000,5515.0000,5322.0000,5515.0000,3354900
6506,2026-03-02,5240.0000,5350.0000,5170.0000,5320.0000,4000800
6506,2026-03-03,5320.0000,5409.0000,4944.0000,4954.0000,5571600
6506,2026-03-04,4820.0000,4890.0000,4505.0000,4641.0000,5468600
6506,2026-03-05,4822.0000,4875.0000,4636.0000,4700.0000,3662700
6506,2026-03-06,4631.0000,4763.0000,4576.0000,4733.0000,3545500
6506,2026-03-09,4383.0000,4402.0000,4157.0000,4325.0000,5150300
6506,2026-03-10,4465.0000,4567.0000,4450.0000,4523.0000,3689200
6506,2026-03-11,4638.0000,4740.0000,4612.0000,4649.0000,4062900
6506,2026-03-12,4622.0000,4745.0000,4590.0000,4675.0000,3369300
6506,2026-03-13,4493.0000,4567.0000,4443.0000,4567.0000,4187900
6506,2026-03-16,4502.0000,4648.0000,4448.0000,4513.0000,2336500
6506,2026-03-17,4600.0000,4647.0000,4521.0000,4556.0000,2319400
6506,2026-03-18,4540.0000,4654.0000,4535.0000,4654.0000,2287600
6506,2026-03-19,4514.0000,4537.0000,4426.0000,4437.0000,3258300
6506,2026-03-23,4188.0000,4269.0000,4081.0000,4242.0000,3692500
6506,2026-03-24,4397.0000,4400.0000,4236.0000,4387.0000,2821700
6506,2026-03-25,4500.0000,4545.0000,4482.0000,4510.0000,2218400
6506,2026-03-26,4550.0000,4582.0000,4388.0000,4416.0000,2513800
6506,2026-03-27,4328.0000,4345.0000,4208.0000,4323.0000,3313900
6506,2026-03-30,4090.0000,4128.0000,4012.0000,4128.0000,3192200
6506,2026-03-31,4058.0000,4154.0000,3987.0000,4020.0000,2711900
6506,2026-04-01,4277.0000,4324.0000,4201.0000,4322.0000,2936000
6506,2026-04-02,4400.0000,4446.0000,4202.0000,4211.0000,3117400
6506,2026-04-03,4311.0000,4321.0000,4200.0000,4280.0000,1829700
6506,2026-04-06,4322.0000,4379.0000,4304.0000,4307.0000,2549300
6506,2026-04-07,4330.0000,4338.0000,4220.0000,4338.0000,2228800
6506,2026-04-08,4618.0000,4674.0000,4574.0000,4659.0000,4567600
6506,2026-04-09,4729.0000,4735.0000,4637.0000,4674.0000,3206700
6506,2026-04-10,4828.0000,4926.0000,4806.0000,4894.0000,5917600
6506,2026-04-13,5034.0000,5260.0000,4896.0000,5239.0000,14998000
6506,2026-04-14,5270.0000,5275.0000,5136.0000,5151.0000,5694400
6506,2026-04-15,5340.0000,5376.0000,5194.0000,5277.0000,4705900
6506,2026-04-16,5230.0000,5364.0000,5201.0000,5288.0000,3929700
6506,2026-04-17,5211.0000,5265.0000,5087.0000,5187.0000,3829100
6506,2026-04-20,5367.0000,5507.0000,5356.0000,5420.0000,5490400
6506,2026-04-21,5469.0000,5657.0000,5411.0000,5495.0000,5182700
6506,2026-04-22,5401.0000,5490.0000,5304.0000,5356.0000,3711700
6506,2026-04-23,5347.0000,5406.0000,5121.0000,5151.0000,3738500
6506,2026-04-24,5247.0000,5252.0000,5106.0000,5150.0000,2579300
6506,2026-04-27,5250.0000,5532.0000,5192.0000,5462.0000,6906800
6506,2026-04-28,5470.0000,5495.0000,5335.0000,5381.0000,4048200
6506,2026-04-30,5481.0000,5637.0000,5436.0000,5520.0000,5521200
6506,2026-05-01,5527.0000,5648.0000,5450.0000,5521.0000,3308100
6506,2026-05-07,5889.0000,6018.0000,5868.0000,5973.0000,5212500
6506,2026-05-08,5997.0000,6424.0000,5951.0000,6367.0000,6573200
6506,2026-05-11,6390.0000,6625.0000,6240.0000,6574.0000,6630500
6506,2026-05-12,6854.0000,7030.0000,6686.0000,6970.0000,7924400
6506,2026-05-13,6812.0000,7028.0000,6712.0000,6980.0000,4650800
6506,2026-05-14,7261.0000,7578.0000,6977.0000,7006.0000,7171200
6506,2026-05-15,7133.0000,7395.0000,6895.0000,6987.0000,6836600
6506,2026-05-18,7009.0000,7076.0000,6643.0000,6682.0000,5649200
6506,2026-05-19,6639.0000,6739.0000,6309.0000,6338.0000,5789600
6506,2026-05-20,6238.0000,6310.0000,6025.0000,6076.0000,5051900
6506,2026-05-21,6276.0000,6709.0000,6229.0000,6698.0000,6346300
6506,2026-05-22,6851.0000,7092.0000,6740.0000,7052.0000,5793800
6506,2026-05-25,7700.0000,7700.0000,7316.0000,7481.0000,6412300
6506,2026-05-26,7401.0000,7490.0000,7123.0000,7293.0000,4274600
6506,2026-05-27,7593.0000,7689.0000,7085.0000,7107.0000,4518800
6506,2026-05-28,6980.0000,7210.0000,6860.0000,7136.0000,4257400
6506,2026-05-29,7286.0000,7315.0000,7049.0000,7208.0000,5006500
6506,2026-06-01,7155.0000,7371.0000,7069.0000,7140.0000,4066500
6506,2026-06-02,7018.0000,7069.0000,6484.0000,6622.0000,6224500
6506,2026-06-03,6930.0000,7228.0000,6888.0000,7152.0000,5348300
6506,2026-06-04,7002.0000,7115.0000,6788.0000,6942.0000,3867000
6506,2026-06-05,6742.0000,6918.0000,6658.0000,6862.0000,3216000
6506,2026-06-08,6262.0000,6513.0000,6234.0000,6425.0000,5556000
6506,2026-06-09,6525.0000,6530.0000,6154.0000,6395.0000,5368400
6506,2026-06-10,6195.0000,6257.0000,5880.0000,5988.0000,5702100
6506,2026-06-11,5688.0000,6055.0000,5598.0000,6016.0000,4916300
6506,2026-06-12,6321.0000,6508.0000,6281.0000,6335.0000,5692100
6506,2026-06-15,6594.0000,6732.0000,6483.0000,6655.0000,3660700
6506,2026-06-16,6770.0000,6943.0000,6655.0000,6845.0000,3809000
6506,2026-06-17,6745.0000,7060.0000,6718.0000,7046.0000,3737200
6506,2026-06-18,7150.0000,7416.0000,7116.0000,7253.0000,5466400
6506,2026-06-19,7304.0000,7359.0000,7044.0000,7128.0000,4267300
6506,2026-06-22,7335.0000,7915.0000,7295.0000,7655.0000,7748400
6506,2026-06-23,7654.0000,7682.0000,7140.0000,7156.0000,5160000
6506,2026-06-24,7142.0000,7228.0000,6905.0000,7071.0000,4910200
6506,2026-06-25,7303.0000,7324.0000,7103.0000,7223.0000,3685300
6506,2026-06-26,7201.0000,7347.0000,6710.0000,6810.0000,4960200
6506,2026-06-29,6864.0000,6954.0000,6560.0000,6902.0000,4071800
6506,2026-06-30,7001.0000,7237.0000,6871.0000,7027.0000,4444100
6506,2026-07-01,7234.0000,7465.0000,7158.0000,7302.0000,4643900
6506,2026-07-02,7007.0000,7156.0000,6820.0000,6942.0000,4322500
6506,2026-07-03,6842.0000,7479.0000,6711.0000,7479.0000,5230400
6506,2026-07-06,7520.0000,7856.0000,7309.0000,7449.0000,6123700
6506,2026-07-07,7349.0000,7398.0000,6900.0000,6900.0000,4994800
6506,2026-07-08,6700.0000,6932.0000,6550.0000,6636.0000,5721100
6506,2026-07-09,6898.0000,7044.0000,6741.0000,6816.0000,5393000
6506,2026-07-10,7074.0000,7225.0000,6900.0000,6972.0000,5898300
6506,2026-07-13,6210.0000,6275.0000,5972.0000,5972.0000,10815700
6506,2026-07-14,5860.0000,5860.0000,5205.0000,5436.0000,25491900
6506,2026-07-15,5500.0000,5569.0000,5288.0000,5490.0000,12782800
6506,2026-07-16,5500.0000,5688.0000,5427.0000,5494.0000,13689100
6506,2026-07-17,5273.0000,5306.0000,4900.0000,5116.0000,12549600
6506,2026-07-21,5097.0000,5150.0000,4926.0000,5119.0000,8574900
6506,2026-07-22,5294.0000,5375.0000,5152.0000,5213.0000,9465700
6506,2026-07-23,5355.0000,5421.0000,5289.0000,5335.0000,6236600
6506,2026-07-24,5263.0000,5305.0000,5078.0000,5117.0000,6000400
6506,2026-07-27,5222.0000,5307.0000,5171.0000,5257.0000,7074600
6506,2026-07-28,5140.0000,5140.0000,4732.0000,4756.0000,9637000
6506,2026-07-29,4826.0000,4890.0000,4465.0000,4629.0000,8862900
6506,2026-07-30,4559.0000,4745.0000,4507.0000,4544.0000,6731200
6506,2026-07-31,4850.0000,4977.0000,4744.0000,4867.0000,8452600
6506,2026-08-03,4798.0000,4982.0000,4726.0000,4935.0000,6023500
6506,2026-08-04,4987.0000,5147.0000,4942.0000,5133.0000,5126500
6506,2026-08-05,5231.0000,5405.0000,5211.0000,5382.0000,6724500
6506,2026-08-06,5284.0000,5366.0000,5161.0000,5255.0000,4722700
6506,2026-08-07,5308.0000,5374.0000,5169.0000,5266.0000,4810600
6506,2026-08-10,5285.0000,5422.0000,5275.0000,5365.0000,3173600
6506,2026-08-12,5357.0000,5484.0000,5295.0000,5454.0000,3934100
6506,2026-08-13,5480.0000,5591.0000,5445.0000,5480.0000,4408000
6506,2026-08-14,5568.0000,5639.0000,5398.0000,5431.0000,3536300
6506,2026-08-17,5415.0000,5484.0000,5378.0000,5472.0000,2469900
6506,2026-08-18,5452.0000,5476.0000,5171.0000,5171.0000,4038000
6506,2026-08-19,4899.0000,5046.0000,4871.0000,4929.0000,4745700
6506,2026-08-20,4999.0000,5092.0000,4934.0000,5023.0000,3572300
6506,2026-08-21,4926.0000,5017.0000,4886.0000,4979.0000,3093500
6506,2026-08-24,4987.0000,5060.0000,4924.0000,4950.0000,2682300
6506,2026-08-25,4900.0000,4966.0000,4853.0000,4966.0000,2606200
6506,2026-08-26,4945.0000,4980.0000,4877.0000,4949.0000,2549600
6506,2026-08-27,5067.0000,5086.0000,4864.0000,4883.0000,5381800
6506,2026-08-28,4845.0000,4889.0000,4773.0000,4811.0000,4947900
6506,2026-08-31,4680.0000,4780.0000,4618.0000,4780.0000,3652900
6506,2026-09-01,4689.0000,4756.0000,4682.0000,4700.0000,3470700
6506,2026-09-02,4637.0000,4637.0000,4461.0000,4475.0000,5090900
6506,2026-09-03,4545.0000,4558.0000,4461.0000,4500.0000,3207500
6506,2026-09-04,4504.0000,4593.0000,4476.0000,4570.0000,2829500
6506,2026-09-07,4633.0000,4702.0000,4615.0000,4661.0000,3087300
6506,2026-09-08,4640.0000,4640.0000,4456.0000,4456.0000,3240200
6506,2026-09-09,4494.0000,4577.0000,4472.0000,4503.0000,2666000
6506,2026-09-10,4420.0000,4437.0000,4354.0000,4432.0000,3785700
6506,2026-09-11,4222.0000,4315.0000,4207.0000,4301.0000,5133300
6506,2026-09-14,4205.0000,4325.0000,4179.0000,4299.0000,2801200
6506,2026-09-15,4244.0000,4360.0000,4220.0000,4296.0000,3038200
6506,2026-09-16,4287.0000,4404.0000,4279.0000,4360.0000,2581400
6506,2026-09-17,4423.0000,4431.0000,4293.0000,4299.0000,3094000
6506,2026-09-18,4369.0000,4411.0000,4327.0000,4383.0000,3522100
6506,2026-09-24,4453.0000,4507.0000,4428.0000,4507.0000,2926700
6506,2026-09-25,4487.0000,4512.0000,4425.0000,4480.0000,2961700
6506,2026-09-28,4530.0000,4552.0000,4450.0000,4453.0000,2379900
6506,2026-09-29,4444.0000,4552.0000,4431.0000,4528.0000,2930100
6506,2026-09-30,4586.0000,4649.0000,4558.0000,4633.0000,3189800
6506,2026-10-01,4614.0000,4779.0000,4605.0000,4779.0000,4084900
6506,2026-10-02,4714.0000,4819.0000,4703.0000,4806.0000,3434500
6506,2026-10-05,4876.0000,4931.0000,4811.0000,4931.0000,4630100
6506,2026-10-06,4900.0000,4959.0000,4813.0000,4936.0000,3973300
6506,2026-10-07,4950.0000,4996.0000,4872.0000,4946.0000,3837300
6506,2026-10-08,4882.0000,4885.0000,4750.0000,4790.0000,2426100
6674,2026-02-03,3629.0000,3655.0000,3600.0000,3654.0000,418700
6674,2026-02-04,3670.0000,3945.0000,3589.0000,3842.0000,2228200
6674,2026-02-05,3970.0000,4089.0000,3927.0000,4002.0000,2351800
6674,2026-02-06,3974.0000,4152.0000,3930.0000,4141.0000,1048500
6674,2026-02-09,4231.0000,4260.0000,4170.0000,4250.0000,892700
6674,2026-02-10,4288.0000,4494.0000,4288.0000,4477.0000,1056100
6674,2026-02-12,4494.0000,4539.0000,4466.0000,4491.0000,781500
6674,2026-02-13,4475.0000,4511.0000,4365.0000,4434.0000,664500
6674,2026-02-16,4473.0000,4506.0000,4426.0000,4440.0000,435300
6674,2026-02-17,4433.0000,4469.0000,4362.0000,4445.0000,589900
6674,2026-02-18,4469.0000,4846.0000,4465.0000,4846.0000,1830500
6674,2026-02-19,5088.0000,5363.0000,5025.0000,5153.0000,3209900
6674,2026-02-20,5177.0000,5227.0000,5041.0000,5208.0000,1739800
6674,2026-02-24,5280.0000,5456.0000,5222.0000,5402.0000,1397900
6674,2026-02-25,5502.0000,5616.0000,5451.0000,5513.0000,1117400
6674,2026-02-26,5525.0000,5538.0000,5385.0000,5385.0000,1123500
6674,2026-02-27,5331.0000,5590.0000,5238.0000,5560.0000,1549400
6674,2026-03-02,5360.0000,5478.0000,5298.0000,5443.0000,974200
6674,2026-03-03,5401.0000,5470.0000,5076.0000,5076.0000,1072900
6674,2026-03-04,4856.0000,4980.0000,4682.0000,4823.0000,1709200
6674,2026-03-05,5021.0000,5091.0000,4927.0000,4948.0000,919700
6674,2026-03-06,5000.0000,5234.0000,4944.0000,5059.0000,1891800
6674,2026-03-09,4749.0000,4991.0000,4734.0000,4954.0000,1713100
6674,2026-03-10,5040.0000,5084.0000,4910.0000,4970.0000,844300
6674,2026-03-11,5040.0000,5167.0000,4955.0000,5033.0000,821700
6674,2026-03-12,4950.0000,5022.0000,4859.0000,4997.0000,979400
6674,2026-03-13,4787.0000,5220.0000,4787.0000,5193.0000,1399100
6674,2026-03-16,5151.0000,5185.0000,4954.0000,5038.0000,864600
6674,2026-03-17,5238.0000,5512.0000,5070.0000,5088.0000,2912200
6674,2026-03-18,5188.0000,5256.0000,5075.0000,5214.0000,951600
6674,2026-03-19,5100.0000,5277.0000,5058.0000,5071.0000,1219300
6674,2026-03-23,4831.0000,4902.0000,4710.0000,4864.0000,1364500
6674,2026-03-24,5004.0000,5072.0000,4942.0000,5015.0000,813100
6674,2026-03-25,5215.0000,5240.0000,5125.0000,5211.0000,710800
6674,2026-03-26,5212.0000,5278.0000,5114.0000,5181.0000,668100
6674,2026-03-27,5090.0000,5542.0000,5011.0000,5411.0000,1586800
6674,2026-03-30,5151.0000,5391.0000,5108.0000,5391.0000,1693600
6674,2026-03-31,5291.0000,5471.0000,5223.0000,5277.0000,4954200
6674,2026-04-01,5613.0000,5715.0000,5528.0000,5687.0000,1386200
6674,2026-04-02,5836.0000,5851.0000,5573.0000,5663.0000,1256800
6674,2026-04-03,5750.0000,5859.0000,5690.0000,5859.0000,1261100
6674,2026-04-06,5900.0000,6040.0000,5900.0000,5977.0000,1169600
6674,2026-04-07,5900.0000,5981.0000,5825.0000,5929.0000,920500
6674,2026-04-08,6129.0000,6208.0000,5994.0000,6176.0000,1159400
6674,2026-04-09,6176.0000,6273.0000,6150.0000,6155.0000,658600
6674,2026-04-10,6236.0000,6331.0000,6200.0000,6331.0000,925800
6674,2026-04-13,6287.0000,6436.0000,6258.0000,6343.0000,760500
6674,2026-04-14,6464.0000,6688.0000,6435.0000,6590.0000,860300
6674,2026-04-15,6797.0000,6812.0000,6550.0000,6613.0000,1143800
6674,2026-04-16,6620.0000,6846.0000,6578.0000,6778.0000,971500
6674,2026-04-17,6757.0000,6813.0000,6703.0000,6745.0000,962700
6674,2026-04-20,6787.0000,6801.0000,6540.0000,6603.0000,1012600
6674,2026-04-21,6803.0000,6820.0000,6602.0000,6669.0000,1483500
6674,2026-04-22,6521.0000,6536.0000,6354.0000,6452.0000,1334900
6674,2026-04-23,6352.0000,6437.0000,6244.0000,6323.0000,1317700
6674,2026-04-24,6300.0000,6323.0000,6223.0000,6250.0000,1113900
6674,2026-04-27,6280.0000,6361.0000,6160.0000,6235.0000,965100
6674,2026-04-28,6190.0000,6200.0000,6080.0000,6164.0000,963300
6674,2026-04-30,6081.0000,6362.0000,6080.0000,6317.0000,1050300
6674,2026-05-01,6224.0000,6392.0000,6224.0000,6278.0000,905900
6674,2026-05-07,6533.0000,6670.0000,6457.0000,6495.0000,1308400
6674,2026-05-08,6465.0000,6635.0000,6412.0000,6620.0000,959200
6674,2026-05-11,6750.0000,6863.0000,6499.0000,6565.0000,1039500
6674,2026-05-12,6665.0000,6841.0000,6605.0000,6710.0000,1017100
6674,2026-05-13,6604.0000,6948.0000,6130.0000,6339.0000,2288300
6674,2026-05-14,6439.0000,6515.0000,6130.0000,6286.0000,1883500
6674,2026-05-15,6368.0000,6712.0000,6251.0000,6450.0000,1301000
6674,2026-05-18,6365.0000,6432.0000,6180.0000,6285.0000,880500
6674,2026-05-19,6319.0000,6420.0000,6154.0000,6336.0000,787000
6674,2026-05-20,6236.0000,6336.0000,6044.0000,6118.0000,800700
6674,2026-05-21,6160.0000,6184.0000,5956.0000,6038.0000,759500
6674,2026-05-22,6030.0000,6244.0000,6017.0000,6148.0000,738900
6674,2026-05-25,6300.0000,6373.0000,6268.0000,6320.0000,506600
6674,2026-05-26,6297.0000,6319.0000,6167.0000,6174.0000,427600
6674,2026-05-27,6348.0000,6524.0000,6298.0000,6298.0000,736500
6674,2026-05-28,6284.0000,6471.0000,6284.0000,6438.0000,733700
6674,2026-05-29,6700.0000,6790.0000,6470.0000,6560.0000,977000
6674,2026-06-01,6472.0000,6497.0000,6334.0000,6409.0000,655900
6674,2026-06-02,7000.0000,7070.0000,6618.0000,6861.0000,1817000
6674,2026-06-03,7202.0000,7542.0000,7031.0000,7495.0000,1825100
6674,2026-06-04,7500.0000,7600.0000,7143.0000,7185.0000,1541300
6674,2026-06-05,7113.0000,7466.0000,7080.0000,7280.0000,981600
6674,2026-06-08,6933.0000,6940.0000,6595.0000,6654.0000,1202100
6674,2026-06-09,6721.0000,6885.0000,6608.0000,6842.0000,894800
6674,2026-06-10,6769.0000,6819.0000,6369.0000,6412.0000,979000
6674,2026-06-11,6112.0000,6357.0000,5971.0000,6297.0000,733900
6674,2026-06-12,6397.0000,6536.0000,6197.0000,6197.0000,891800
6674,2026-06-15,6380.0000,6432.0000,6196.0000,6318.0000,784500
6674,2026-06-16,6319.0000,6750.0000,6265.0000,6568.0000,802200
6674,2026-06-17,6668.0000,6880.0000,6580.0000,6718.0000,766500
6674,2026-06-18,6660.0000,6786.0000,6630.0000,6717.0000,619300
6674,2026-06-19,6786.0000,7108.0000,6665.0000,7016.0000,1210900
6674,2026-06-22,7696.0000,7899.0000,7452.0000,7517.0000,1647300
6674,2026-06-23,7550.0000,7603.0000,7087.0000,7088.0000,669600
6674,2026-06-24,7088.0000,7267.0000,7021.0000,7193.0000,699700
6674,2026-06-25,7447.0000,7447.0000,7034.0000,7129.0000,715600
6674,2026-06-26,7122.0000,7125.0000,6683.0000,6766.0000,938200
6674,2026-06-29,6736.0000,6774.0000,6535.0000,6700.0000,832800
6674,2026-06-30,6700.0000,6711.0000,6451.0000,6466.0000,1157700
6674,2026-07-01,6562.0000,6788.0000,6547.0000,6667.0000,762300
6674,2026-07-02,6640.0000,6794.0000,6500.0000,6602.0000,742000
6674,2026-07-03,6520.0000,6798.0000,6446.0000,6737.0000,587000
6674,2026-07-06,6770.0000,6825.0000,6468.0000,6656.0000,728200
6674,2026-07-07,6636.0000,6652.0000,6396.0000,6475.0000,693900
6674,2026-07-08,6300.0000,6392.0000,6156.0000,6174.0000,846000
6674,2026-07-09,6227.0000,6251.0000,6113.0000,6193.0000,689600
6674,2026-07-10,6286.0000,6362.0000,6152.0000,6178.0000,551800
6674,2026-07-13,6258.0000,6324.0000,5944.0000,6015.0000,756300
6674,2026-07-14,5980.0000,6008.0000,5836.0000,5966.0000,824700
6674,2026-07-15,5995.0000,6126.0000,5877.0000,6080.0000,798600
6674,2026-07-16,6056.0000,6129.0000,5827.0000,5902.0000,955300
6674,2026-07-17,5800.0000,5855.0000,5388.0000,5572.0000,923800
6674,2026-07-21,5800.0000,5820.0000,5638.0000,5724.0000,865600
6674,2026-07-22,6024.0000,6149.0000,5853.0000,5914.0000,1114400
6674,2026-07-23,6014.0000,6117.0000,5988.0000,6015.0000,786500
6674,2026-07-24,5957.0000,5972.0000,5733.0000,5850.0000,632300
6674,2026-07-27,5836.0000,5850.0000,5693.0000,5793.0000,683400
6674,2026-07-28,5640.0000,5678.0000,5427.0000,5461.0000,942600
6674,2026-07-29,5401.0000,5439.0000,5044.0000,5178.0000,1026800
6674,2026-07-30,5095.0000,5386.0000,5095.0000,5255.0000,896100
6674,2026-07-31,5664.0000,5673.0000,5471.0000,5482.0000,768400
6674,2026-08-03,5392.0000,5564.0000,5260.0000,5499.0000,659700
6674,2026-08-04,5477.0000,5769.0000,5454.0000,5725.0000,739400
6674,2026-08-05,5860.0000,6314.0000,5784.0000,6010.0000,4140600
6674,2026-08-06,5610.0000,5736.0000,5375.0000,5404.0000,2121700
6674,2026-08-07,5405.0000,5461.0000,5145.0000,5226.0000,908500
6674,2026-08-10,5278.0000,5481.0000,5227.0000,5450.0000,942700
6674,2026-08-12,5450.0000,5596.0000,5380.0000,5520.0000,700900
6674,2026-08-13,5611.0000,5685.0000,5529.0000,5612.0000,576600
6674,2026-08-14,5660.0000,5733.0000,5540.0000,5653.0000,682100
6674,2026-08-17,5687.0000,5715.0000,5527.0000,5681.0000,816500
6674,2026-08-18,5685.0000,5769.0000,5519.0000,5519.0000,569100
6674,2026-08-19,5219.0000,5339.0000,5140.0000,5159.0000,977800
6674,2026-08-20,5103.0000,5256.0000,5099.0000,5238.0000,1107900
6674,2026-08-21,5238.0000,5278.0000,5115.0000,5273.0000,790700
6674,2026-08-24,5285.0000,5483.0000,5274.0000,5378.0000,658900
6674,2026-08-25,5369.0000,5408.0000,5295.0000,5357.0000,429800
6674,2026-08-26,5357.0000,5410.0000,5306.0000,5356.0000,376200
6674,2026-08-27,5409.0000,5431.0000,5320.0000,5374.0000,333900
6674,2026-08-28,5399.0000,5407.0000,5277.0000,5277.0000,752000
6674,2026-08-31,5200.0000,5354.0000,5178.0000,5354.0000,447300
6674,2026-09-01,5354.0000,5429.0000,5283.0000,5283.0000,659700
6674,2026-09-02,5126.0000,5140.0000,4985.0000,4985.0000,858000
6674,2026-09-03,5000.0000,5042.0000,4931.0000,4972.0000,509200
6674,2026-09-04,4980.0000,4984.0000,4881.0000,4961.0000,942300
6674,2026-09-07,5011.0000,5155.0000,4999.0000,5115.0000,685900
6674,2026-09-08,5193.0000,5198.0000,4981.0000,4981.0000,675200
6674,2026-09-09,5021.0000,5281.0000,4979.0000,5229.0000,944300
6674,2026-09-10,5129.0000,5154.0000,5043.0000,5137.0000,547600
6674,2026-09-11,4920.0000,5006.0000,4916.0000,4962.0000,606100
6674,2026-09-14,4920.0000,5100.0000,4913.0000,5100.0000,904300
6674,2026-09-15,5080.0000,5282.0000,5071.0000,5227.0000,1174000
6674,2026-09-16,5247.0000,5504.0000,5230.0000,5456.0000,1191400
6674,2026-09-17,5556.0000,5566.0000,5389.0000,5401.0000,1120500
6674,2026-09-18,5480.0000,5526.0000,5456.0000,5476.0000,741900
6674,2026-09-24,5470.0000,5515.0000,5422.0000,5480.0000,697400
6674,2026-09-25,5472.0000,5473.0000,5396.0000,5398.0000,752900
6674,2026-09-28,5458.0000,5500.0000,5398.0000,5398.0000,617900
6674,2026-09-29,5337.0000,5378.0000,5296.0000,5306.0000,76000
6674,2026-09-30,5415.0000,5467.0000,5407.0000,5437.0000,54100
6674,2026-10-01,5445.0000,5482.0000,5406.0000,5450.0000,84100
6674,2026-10-02,5453.0000,5553.0000,5436.0000,5490.0000,94900
6674,2026-10-05,5541.0000,5737.0000,5524.0000,5718.0000,1019400
6674,2026-10-06,5670.0000,5688.0000,5600.0000,5671.0000,193500
6674,2026-10-07,5731.0000,5779.0000,5701.0000,5752.0000,127100
6674,2026-10-08,5628.0000,5668.0000,5533.0000,5551.0000,112700
6702,2026-02-17,3751.0000,3780.0000,3675.0000,3700.0000,10406200
6702,2026-02-18,3653.0000,3727.0000,3630.0000,3687.0000,8363900
6702,2026-02-19,3725.0000,3725.0000,3662.0000,3713.0000,8508800
6702,2026-02-20,3700.0000,3701.0000,3630.0000,3630.0000,8025400
6702,2026-02-24,3449.0000,3460.0000,3284.0000,3313.0000,25178100
6702,2026-02-25,3340.0000,3417.0000,3317.0000,3345.0000,15452700
6702,2026-02-26,3420.0000,3605.0000,3418.0000,3546.0000,19807200
6702,2026-02-27,3616.0000,3640.0000,3551.0000,3588.0000,24597400
6702,2026-03-02,3500.0000,3552.0000,3479.0000,3532.0000,8632200
6702,2026-03-03,3462.0000,3465.0000,3385.0000,3422.0000,9986900
6702,2026-03-04,3408.0000,3465.0000,3333.0000,3443.0000,10993800
6702,2026-03-05,3579.0000,3580.0000,3496.0000,3496.0000,9199800
6702,2026-03-06,3566.0000,3700.0000,3541.0000,3683.0000,11537100
6702,2026-03-09,3588.0000,3688.0000,3557.0000,3683.0000,12001600
6702,2026-03-10,3675.0000,3693.0000,3597.0000,3657.0000,8770600
6702,2026-03-11,3600.0000,3637.0000,3546.0000,3555.0000,9260300
6702,2026-03-12,3511.0000,3564.0000,3510.0000,3545.0000,6825800
6702,2026-03-13,3504.0000,3575.0000,3504.0000,3575.0000,7007100
6702,2026-03-16,3520.0000,3582.0000,3509.0000,3541.0000,5663700
6702,2026-03-17,3537.0000,3546.0000,3501.0000,3522.0000,5975900
6702,2026-03-18,3500.0000,3511.0000,3470.0000,3475.0000,7639700
6702,2026-03-19,3340.0000,3388.0000,3321.0000,3340.0000,12695200
6702,2026-03-23,3270.0000,3294.0000,3231.0000,3268.0000,10660500
6702,2026-03-24,3338.0000,3353.0000,3294.0000,3343.0000,6834700
6702,2026-03-25,3273.0000,3351.0000,3273.0000,3351.0000,8464100
6702,2026-03-26,3330.0000,3340.0000,3238.0000,3261.0000,6634100
6702,2026-03-27,3305.0000,3334.0000,3264.0000,3266.0000,8377300
6702,2026-03-30,3091.0000,3129.0000,3064.0000,3121.0000,12350900
6702,2026-03-31,3191.0000,3217.0000,3137.0000,3172.0000,10329800
6702,2026-04-01,3300.0000,3308.0000,3226.0000,3299.0000,9459900
6702,2026-04-02,3338.0000,3338.0000,3237.0000,3260.0000,6825500
6702,2026-04-03,3273.0000,3321.0000,3272.0000,3273.0000,4300300
6702,2026-04-06,3270.0000,3297.0000,3227.0000,3255.0000,5716300
6702,2026-04-07,3267.0000,3359.0000,3256.0000,3345.0000,7046800
6702,2026-04-08,3415.0000,3469.0000,3357.0000,3469.0000,9743000
6702,2026-04-09,3442.0000,3445.0000,3360.0000,3396.0000,6980800
6702,2026-04-10,3310.0000,3354.0000,3298.0000,3324.0000,9670300
6702,2026-04-13,3291.0000,3355.0000,3290.0000,3339.0000,6390800
6702,2026-04-14,3450.0000,3521.0000,3416.0000,3481.0000,9595800
6702,2026-04-15,3535.0000,3654.0000,3524.0000,3629.0000,12562100
6702,2026-04-16,3756.0000,3757.0000,3673.0000,3679.0000,11260700
6702,2026-04-17,3667.0000,3812.0000,3665.0000,3770.0000,10426900
6702,2026-04-20,3740.0000,3789.0000,3730.0000,3753.0000,6249400
6702,2026-04-21,3849.0000,3883.0000,3787.0000,3883.0000,9519700
6702,2026-04-22,3910.0000,3910.0000,3850.0000,3878.0000,7419400
6702,2026-04-23,3846.0000,3859.0000,3757.0000,3773.0000,10022600
6702,2026-04-24,3703.0000,3753.0000,3686.0000,3696.0000,9870000
6702,2026-04-27,3766.0000,3839.0000,3726.0000,3825.0000,9629700
6702,2026-04-28,3743.0000,3756.0000,3676.0000,3693.0000,8315200
6702,2026-04-30,3273.0000,3279.0000,3133.0000,3180.0000,31769000
6702,2026-05-01,3136.0000,3149.0000,3016.0000,3075.0000,18375800
6702,2026-05-07,3215.0000,3244.0000,3178.0000,3240.0000,17395900
6702,2026-05-08,3310.0000,3388.0000,3256.0000,3382.0000,11903700
6702,2026-05-11,3351.0000,3382.0000,3310.0000,3341.0000,8795500
6702,2026-05-12,3362.0000,3379.0000,3271.0000,3307.0000,6487400
6702,2026-05-13,3357.0000,3413.0000,3331.0000,3356.0000,6636800
6702,2026-05-14,3293.0000,3310.0000,3177.0000,3240.0000,7828500
6702,2026-05-15,3264.0000,3268.0000,3168.0000,3217.0000,6544600
6702,2026-05-18,3329.0000,3332.0000,3205.0000,3231.0000,4767500
6702,2026-05-19,3320.0000,3389.0000,3293.0000,3332.0000,8114000
6702,2026-05-20,3393.0000,3409.0000,3242.0000,3263.0000,8174600
6702,2026-05-21,3200.0000,3259.0000,3172.0000,3259.0000,6283600
6702,2026-05-22,3329.0000,3382.0000,3272.0000,3307.0000,6634300
6702,2026-05-25,3304.0000,3325.0000,3234.0000,3308.0000,5383200
6702,2026-05-26,3308.0000,3420.0000,3292.0000,3370.0000,7036900
6702,2026-05-27,3440.0000,3562.0000,3407.0000,3512.0000,13326600
6702,2026-05-28,3558.0000,3594.0000,3462.0000,3513.0000,11724700
6702,2026-05-29,3460.0000,3626.0000,3368.0000,3368.0000,23959700
6702,2026-06-01,3517.0000,3726.0000,3499.0000,3650.0000,16235900
6702,2026-06-02,3720.0000,3759.0000,3631.0000,3701.0000,11188300
6702,2026-06-03,3653.0000,3684.0000,3519.0000,3576.0000,10305800
6702,2026-06-04,3470.0000,3525.0000,3455.0000,3485.0000,6646200
6702,2026-06-05,3625.0000,3663.0000,3562.0000,3591.0000,8740400
6702,2026-06-08,3521.0000,3558.0000,3426.0000,3465.0000,7871100
6702,2026-06-09,3535.0000,3535.0000,3395.0000,3437.0000,6176100
6702,2026-06-10,3412.0000,3425.0000,3317.0000,3362.0000,7280000
6702,2026-06-11,3358.0000,3415.0000,3341.0000,3367.0000,5851200
6702,2026-06-12,3337.0000,3380.0000,3253.0000,3260.0000,10327300
6702,2026-06-15,3309.0000,3335.0000,3238.0000,3260.0000,7688900
6702,2026-06-16,3285.0000,3311.0000,3263.0000,3276.0000,5873000
6702,2026-06-17,3241.0000,3276.0000,3220.0000,3256.0000,5750300
6702,2026-06-18,3280.0000,3395.0000,3261.0000,3343.0000,8069300
6702,2026-06-19,3292.0000,3300.0000,3161.0000,3211.0000,13371600
6702,2026-06-22,3186.0000,3221.0000,3155.0000,3188.0000,5123500
6702,2026-06-23,3161.0000,3186.0000,3106.0000,3162.0000,9026300
6702,2026-06-24,3228.0000,3282.0000,3189.0000,3232.0000,7603300
6702,2026-06-25,3232.0000,3244.0000,3187.0000,3187.0000,6987500
6702,2026-06-26,3159.0000,3205.0000,3144.0000,3199.0000,5909200
6702,2026-06-29,3238.0000,3346.0000,3230.0000,3283.0000,7652100
6702,2026-06-30,3283.0000,3297.0000,3225.0000,3247.0000,6211800
6702,2026-07-01,3236.0000,3257.0000,3181.0000,3237.0000,7024600
6702,2026-07-02,3357.0000,3425.0000,3307.0000,3344.0000,7583700
6702,2026-07-03,3427.0000,3444.0000,3283.0000,3326.0000,6790900
6702,2026-07-06,3346.0000,3366.0000,3316.0000,3349.0000,4610400
6702,2026-07-07,3350.0000,3415.0000,3340.0000,3392.0000,6628000
6702,2026-07-08,3412.0000,3464.0000,3345.0000,3354.0000,5116900
6702,2026-07-09,3295.0000,3400.0000,3290.0000,3392.0000,4760200
6702,2026-07-10,3380.0000,3384.0000,3337.0000,3347.0000,4375600
6702,2026-07-13,3323.0000,3343.0000,3297.0000,3308.0000,5011000
6702,2026-07-14,3330.0000,3418.0000,3323.0000,3378.0000,5870300
6702,2026-07-15,3270.0000,3290.0000,3182.0000,3218.0000,9877200
6702,2026-07-16,3200.0000,3294.0000,3191.0000,3257.0000,11778100
6702,2026-07-17,3315.0000,3366.0000,3250.0000,3298.0000,9646000
6702,2026-07-21,3368.0000,3377.0000,3296.0000,3309.0000,6898400
6702,2026-07-22,3181.0000,3318.0000,3181.0000,3311.0000,7980100
6702,2026-07-23,3266.0000,3280.0000,3221.0000,3244.0000,6480900
6702,2026-07-24,3240.0000,3288.0000,3216.0000,3279.0000,4380600
6702,2026-07-27,3349.0000,3482.0000,3336.0000,3482.0000,9088900
6702,2026-07-28,3523.0000,3700.0000,3512.0000,3700.0000,18062000
6702,2026-07-29,3754.0000,3846.0000,3651.0000,3844.0000,17422500
6702,2026-07-30,3888.0000,3928.0000,3765.0000,3902.0000,13615600
6702,2026-07-31,3512.0000,3722.0000,3511.0000,3659.0000,15852800
6702,2026-08-03,3695.0000,3698.0000,3480.0000,3500.0000,9682900
6702,2026-08-04,3511.0000,3520.0000,3395.0000,3436.0000,8850800
6702,2026-08-05,3503.0000,3531.0000,3451.0000,3483.0000,8845300
6702,2026-08-06,3518.0000,3591.0000,3496.0000,3579.0000,6566200
6702,2026-08-07,3600.0000,3697.0000,3588.0000,3675.0000,7800400
6702,2026-08-10,3720.0000,3757.0000,3648.0000,3719.0000,5577200
6702,2026-08-12,3751.0000,3758.0000,3695.0000,3701.0000,6491200
6702,2026-08-13,3700.0000,3752.0000,3663.0000,3750.0000,5329100
6702,2026-08-14,3800.0000,3924.0000,3779.0000,3841.0000,9198900
6702,2026-08-17,3737.0000,3781.0000,3664.0000,3664.0000,5846300
6702,2026-08-18,3630.0000,3676.0000,3592.0000,3601.0000,5871100
6702,2026-08-19,3642.0000,3645.0000,3553.0000,3607.0000,7069800
6702,2026-08-20,3711.0000,3777.0000,3707.0000,3743.0000,6982500
6702,2026-08-21,3690.0000,3737.0000,3646.0000,3646.0000,4139700
6702,2026-08-24,3670.0000,3741.0000,3664.0000,3700.0000,3256300
6702,2026-08-25,3700.0000,3769.0000,3680.0000,3728.0000,4344200
6702,2026-08-26,3730.0000,3785.0000,3707.0000,3716.0000,4152900
6702,2026-08-27,3716.0000,3819.0000,3703.0000,3753.0000,5785200
6702,2026-08-28,3848.0000,3953.0000,3844.0000,3904.0000,8703900
6702,2026-08-31,3900.0000,3923.0000,3864.0000,3869.0000,7590900
6702,2026-09-01,3915.0000,3991.0000,3900.0000,3947.0000,5830900
6702,2026-09-02,3900.0000,3910.0000,3786.0000,3801.0000,6207300
6702,2026-09-03,3798.0000,3827.0000,3773.0000,3795.0000,4501100
6702,2026-09-04,3899.0000,3947.0000,3848.0000,3900.0000,7988300
6702,2026-09-07,3860.0000,3868.0000,3801.0000,3831.0000,5101900
6702,2026-09-08,3782.0000,3797.0000,3752.0000,3775.0000,3571100
6702,2026-09-09,3737.0000,3795.0000,3718.0000,3745.0000,7022800
6702,2026-09-10,3716.0000,3803.0000,3664.0000,3788.0000,6626700
6702,2026-09-11,3755.0000,3777.0000,3734.0000,3749.0000,7876000
6702,2026-09-14,3819.0000,4026.0000,3819.0000,4026.0000,11327600
6702,2026-09-15,4069.0000,4075.0000,3932.0000,3945.0000,11226000
6702,2026-09-16,3987.0000,3987.0000,3909.0000,3934.0000,5760800
6702,2026-09-17,3918.0000,4018.0000,3915.0000,4008.0000,5928400
6702,2026-09-18,4000.0000,4014.0000,3937.0000,3979.0000,7416200
6702,2026-09-24,3839.0000,4028.0000,3839.0000,3993.0000,7921500
6702,2026-09-25,3987.0000,4055.0000,3976.0000,4028.0000,7302900
6702,2026-09-28,3993.0000,4089.0000,3978.0000,3978.0000,5583300
6702,2026-09-29,4000.0000,4000.0000,3925.0000,3937.0000,1189600
6702,2026-09-30,3962.0000,3999.0000,3931.0000,3971.0000,932200
6702,2026-10-01,3959.0000,3982.0000,3942.0000,3972.0000,813600
6702,2026-10-02,4014.0000,4095.0000,4014.0000,4045.0000,1501400
6702,2026-10-05,4037.0000,4064.0000,3993.0000,4063.0000,6478800
6702,2026-10-06,4084.0000,4126.0000,4042.0000,4052.0000,1902200
6702,2026-10-07,4076.0000,4141.0000,4075.0000,4110.0000,1248500
6702,2026-10-08,4106.0000,4141.0000,4084.0000,4127.0000,2386700
6752,2026-02-27,2533.5000,2562.0000,2514.5000,2537.0000,10678200
6752,2026-03-02,2511.5000,2592.5000,2483.5000,2592.5000,7657500
6752,2026-03-03,2501.0000,2529.5000,2422.0000,2432.0000,9589800
6752,2026-03-04,2382.0000,2420.0000,2330.0000,2382.0000,8933900
6752,2026-03-05,2482.0000,2522.5000,2429.0000,2462.0000,10591500
6752,2026-03-06,2420.0000,2498.0000,2409.5000,2498.0000,6981000
6752,2026-03-09,2314.5000,2441.5000,2294.0000,2428.5000,16312700
6752,2026-03-10,2478.5000,2496.5000,2440.5000,2496.5000,8852800
6752,2026-03-11,2555.5000,2661.0000,2555.5000,2642.5000,9931400
6752,2026-03-12,2633.0000,2646.0000,2582.0000,2612.0000,8792000
6752,2026-03-13,2562.0000,2633.5000,2560.0000,2610.5000,7357600
6752,2026-03-16,2592.0000,2631.0000,2540.0000,2570.5000,7090800
6752,2026-03-17,2643.5000,2656.0000,2582.5000,2602.5000,8265700
6752,2026-03-18,2636.0000,2666.5000,2604.0000,2652.0000,8246900
6752,2026-03-19,2631.0000,2679.0000,2577.5000,2600.5000,12098400
6752,2026-03-23,2456.0000,2528.0000,2438.0000,2505.5000,8440400
6752,2026-03-24,2572.0000,2602.5000,2533.0000,2555.5000,7120100
6752,2026-03-25,2605.5000,2661.0000,2605.0000,2630.0000,9213600
6752,2026-03-26,2640.0000,2723.0000,2631.5000,2694.0000,9350500
6752,2026-03-27,2720.0000,2733.5000,2658.0000,2667.5000,9725700
6752,2026-03-30,2577.0000,2625.0000,2543.5000,2600.0000,10835700
6752,2026-03-31,2550.0000,2646.5000,2533.0000,2585.5000,12089700
6752,2026-04-01,2735.5000,2777.5000,2695.5000,2774.0000,11963200
6752,2026-04-02,2800.0000,2807.5000,2715.5000,2743.0000,9531200
6752,2026-04-03,2750.0000,2785.0000,2712.0000,2715.0000,5918600
6752,2026-04-06,2725.0000,2794.0000,2716.0000,2780.5000,5743100
6752,2026-04-07,2800.0000,2857.5000,2785.0000,2835.5000,8029600
6752,2026-04-08,3030.0000,3033.0000,2935.5000,2955.5000,12023300
6752,2026-04-09,2891.0000,2939.5000,2832.0000,2925.0000,11551100
6752,2026-04-10,2923.0000,2960.0000,2855.0000,2861.0000,9024600
6752,2026-04-13,2812.0000,2917.0000,2810.0000,2879.5000,5818900
6752,2026-04-14,2911.0000,2951.5000,2870.0000,2917.5000,8035400
6752,2026-04-15,2936.5000,2950.0000,2889.5000,2925.0000,7239700
6752,2026-04-16,2939.0000,3008.0000,2927.5000,2996.0000,8106200
6752,2026-04-17,2953.0000,2988.0000,2897.0000,2897.0000,8182500
6752,2026-04-20,2893.5000,2983.0000,2880.0000,2982.5000,8048600
6752,2026-04-21,3000.0000,3082.0000,2999.0000,3019.0000,9019000
6752,2026-04-22,2977.0000,3010.0000,2957.5000,2985.0000,6724200
6752,2026-04-23,2914.5000,2965.0000,2877.0000,2904.5000,9092000
6752,2026-04-24,2900.0000,2905.0000,2836.5000,2879.0000,8440700
6752,2026-04-27,2950.0000,3119.0000,2931.0000,3103.0000,13460700
6752,2026-04-28,3103.0000,3116.0000,3036.0000,3061.0000,7892400
6752,2026-04-30,3091.0000,3203.0000,3071.0000,3203.0000,14720800
6752,2026-05-01,3273.0000,3339.0000,3232.0000,3324.0000,12213500
6752,2026-05-07,3423.0000,3450.0000,3297.0000,3349.0000,17088700
6752,2026-05-08,3250.0000,3335.0000,3222.0000,3318.0000,11707600
6752,2026-05-11,3231.0000,3359.0000,3221.0000,3334.0000,11236300
6752,2026-05-12,3341.0000,3467.0000,3333.0000,3405.0000,11139600
6752,2026-05-13,3165.0000,3317.0000,3121.0000,3275.0000,14747200
6752,2026-05-14,3322.0000,3460.0000,3295.0000,3377.0000,13884900
6752,2026-05-15,3400.0000,3465.0000,3263.0000,3293.0000,14918100
6752,2026-05-18,3231.0000,3370.0000,3221.0000,3348.0000,7607300
6752,2026-05-19,3350.0000,3417.0000,3300.0000,3353.0000,6087000
6752,2026-05-20,3283.0000,3302.0000,3183.0000,3207.0000,8845800
6752,2026-05-21,3230.0000,3474.0000,3214.0000,3421.0000,9240900
6752,2026-05-22,3472.0000,3589.0000,3420.0000,3507.0000,10734700
6752,2026-05-25,3540.0000,3615.0000,3491.0000,3566.0000,11042100
6752,2026-05-26,3590.0000,3696.0000,3538.0000,3607.0000,10358400
6752,2026-05-27,3619.0000,3702.0000,3544.0000,3569.0000,10089200
6752,2026-05-28,3499.0000,3596.0000,3416.0000,3544.0000,10582200
6752,2026-05-29,3591.0000,3774.0000,3529.0000,3700.0000,22141600
6752,2026-06-01,3691.0000,3700.0000,3551.0000,3595.0000,10463800
6752,2026-06-02,3567.0000,3640.0000,3487.0000,3595.0000,11490500
6752,2026-06-03,3690.0000,3994.0000,3680.0000,3916.0000,16005500
6752,2026-06-04,3642.0000,3801.0000,3633.0000,3800.0000,13402400
6752,2026-06-05,3744.0000,3805.0000,3638.0000,3754.0000,10487900
6752,2026-06-08,3450.0000,3607.0000,3431.0000,3574.0000,13293300
6752,2026-06-09,3736.0000,3946.0000,3672.0000,3924.0000,20489300
6752,2026-06-10,3780.0000,3851.0000,3712.0000,3756.0000,14321600
6752,2026-06-11,3613.0000,3799.0000,3571.0000,3767.0000,9323500
6752,2026-06-12,3837.0000,3929.0000,3762.0000,3800.0000,16282100
6752,2026-06-15,3930.0000,4039.0000,3914.0000,4010.0000,11714100
6752,2026-06-16,4100.0000,4144.0000,3993.0000,4079.0000,12023600
6752,2026-06-17,4184.0000,4272.0000,4152.0000,4200.0000,12296100
6752,2026-06-18,4237.0000,4420.0000,4216.0000,4305.0000,14399900
6752,2026-06-19,4445.0000,4449.0000,4326.0000,4419.0000,16565200
6752,2026-06-22,4415.0000,4510.0000,4376.0000,4393.0000,13849300
6752,2026-06-23,4380.0000,4464.0000,4220.0000,4230.0000,12373700
6752,2026-06-24,4220.0000,4581.0000,4195.0000,4454.0000,24122900
6752,2026-06-25,4469.0000,4656.0000,4455.0000,4610.0000,16212100
6752,2026-06-26,4570.0000,4693.0000,4451.0000,4540.0000,14190200
6752,2026-06-29,4487.0000,4500.0000,4275.0000,4393.0000,17869700
6752,2026-06-30,4401.0000,4630.0000,4366.0000,4502.0000,12658800
6752,2026-07-01,4642.0000,4770.0000,4580.0000,4770.0000,16448300
6752,2026-07-02,4490.0000,4666.0000,4456.0000,4547.0000,18343300
6752,2026-07-03,4400.0000,4544.0000,4362.0000,4522.0000,16061700
6752,2026-07-06,4592.0000,4659.0000,4493.0000,4557.0000,11643300
6752,2026-07-07,4560.0000,4587.0000,4353.0000,4400.0000,14299000
6752,2026-07-08,4260.0000,4458.0000,4250.0000,4333.0000,13708200
6752,2026-07-09,4387.0000,4587.0000,4376.0000,4455.0000,10477400
6752,2026-07-10,4516.0000,4602.0000,4476.0000,4480.0000,9336700
6752,2026-07-13,4658.0000,4685.0000,4354.0000,4419.0000,9452700
6752,2026-07-14,4300.0000,4305.0000,4093.0000,4173.0000,13282000
6752,2026-07-15,4239.0000,4318.0000,4178.0000,4318.0000,8823300
6752,2026-07-16,4252.0000,4312.0000,4194.0000,4218.0000,9118100
6752,2026-07-17,3993.0000,4122.0000,3900.0000,3993.0000,11689200
6752,2026-07-21,3959.0000,4080.0000,3911.0000,4073.0000,11240100
6752,2026-07-22,4213.0000,4257.0000,4075.0000,4095.0000,11203300
6752,2026-07-23,4076.0000,4137.0000,4008.0000,4016.0000,8184700
6752,2026-07-24,3910.0000,3955.0000,3843.0000,3883.0000,8822800
6752,2026-07-27,3836.0000,3933.0000,3830.0000,3886.0000,6117600
6752,2026-07-28,3769.0000,3791.0000,3592.0000,3604.0000,10584600
6752,2026-07-29,3573.0000,3645.0000,3430.0000,3507.0000,13158400
6752,2026-07-30,3380.0000,3626.0000,3364.0000,3584.0000,14208400
6752,2026-07-31,4284.0000,4284.0000,4284.0000,4284.0000,3715000
6752,2026-08-03,4400.0000,4422.0000,4159.0000,4281.0000,20470200
6752,2026-08-04,4300.0000,4325.0000,4130.0000,4235.0000,11196600
6752,2026-08-05,4416.0000,4539.0000,4385.0000,4516.0000,10315000
6752,2026-08-06,4446.0000,4523.0000,4345.0000,4413.0000,6765900
6752,2026-08-07,4437.0000,4460.0000,4259.0000,4312.0000,7908700
6752,2026-08-10,4290.0000,4436.0000,4290.0000,4436.0000,5817900
6752,2026-08-12,4453.0000,4638.0000,4424.0000,4574.0000,11494800
6752,2026-08-13,4612.0000,4725.0000,4609.0000,4679.0000,7086800
6752,2026-08-14,4848.0000,4982.0000,4718.0000,4721.0000,11972400
6752,2026-08-17,4791.0000,4838.0000,4705.0000,4788.0000,6603200
6752,2026-08-18,4750.0000,4819.0000,4528.0000,4552.0000,10305300
6752,2026-08-19,4388.0000,4462.0000,4290.0000,4342.0000,10090000
6752,2026-08-20,4337.0000,4376.0000,4264.0000,4303.0000,6570800
6752,2026-08-21,4233.0000,4337.0000,4224.0000,4303.0000,8860500
6752,2026-08-24,4342.0000,4401.0000,4280.0000,4348.0000,5027800
6752,2026-08-25,4278.0000,4328.0000,4154.0000,4311.0000,7928900
6752,2026-08-26,4288.0000,4344.0000,4270.0000,4344.0000,4943700
6752,2026-08-27,4385.0000,4454.0000,4325.0000,4375.0000,9284700
6752,2026-08-28,4458.0000,4497.0000,4379.0000,4414.0000,7202700
6752,2026-08-31,4376.0000,4498.0000,4363.0000,4498.0000,8783300
6752,2026-09-01,4518.0000,4530.0000,4406.0000,4459.0000,6792200
6752,2026-09-02,4319.0000,4363.0000,4257.0000,4296.0000,8230800
6752,2026-09-03,4350.0000,4351.0000,4182.0000,4197.0000,6922100
6752,2026-09-04,4178.0000,4219.0000,4116.0000,4163.0000,6123800
6752,2026-09-07,4233.0000,4421.0000,4231.0000,4421.0000,7733800
6752,2026-09-08,4351.0000,4369.0000,4157.0000,4164.0000,6957900
6752,2026-09-09,4234.0000,4234.0000,4161.0000,4179.0000,5187400
6752,2026-09-10,4249.0000,4403.0000,4223.0000,4292.0000,10594500
6752,2026-09-11,4128.0000,4217.0000,4100.0000,4200.0000,8125800
6752,2026-09-14,4130.0000,4216.0000,4083.0000,4164.0000,6787900
6752,2026-09-15,4101.0000,4268.0000,4100.0000,4205.0000,7495300
6752,2026-09-16,4275.0000,4392.0000,4243.0000,4381.0000,7881800
6752,2026-09-17,4430.0000,4463.0000,4244.0000,4262.0000,8007500
6752,2026-09-18,4325.0000,4346.0000,4228.0000,4287.0000,12518100
6752,2026-09-24,4316.0000,4543.0000,4267.0000,4508.0000,11980100
6752,2026-09-25,4480.0000,4607.0000,4435.0000,4588.0000,8978100
6752,2026-09-28,4518.0000,4628.0000,4469.0000,4469.0000,7044600
6752,2026-09-29,4459.0000,4469.0000,4360.0000,4389.0000,7990200
6752,2026-09-30,4479.0000,4521.0000,4415.0000,4490.0000,8075200
6752,2026-10-01,4496.0000,4554.0000,4420.0000,4550.0000,10514200
6752,2026-10-02,4482.0000,4589.0000,4449.0000,4568.0000,8059400
6752,2026-10-05,4640.0000,4740.0000,4608.0000,4710.0000,8066300
6752,2026-10-06,4717.0000,4809.0000,4655.0000,4769.0000,6164600
6752,2026-10-07,4764.0000,4816.0000,4664.0000,4668.0000,6949900
6752,2026-10-08,4612.0000,4628.0000,4443.0000,4514.0000,5070100
6762,2026-02-03,2190.0000,2232.5000,2143.0000,2212.5000,29734400
6762,2026-02-04,2150.0000,2174.5000,2108.0000,2152.0000,15248700
6762,2026-02-05,2153.0000,2163.5000,2106.5000,2155.5000,13594800
6762,2026-02-06,2130.0000,2170.0000,2106.5000,2162.5000,11206200
6762,2026-02-09,2300.0000,2309.0000,2252.5000,2270.5000,21206100
6762,2026-02-10,2292.5000,2345.5000,2289.0000,2319.5000,14743900
6762,2026-02-12,2318.0000,2320.0000,2240.5000,2246.0000,13244900
6762,2026-02-13,2215.0000,2250.0000,2181.5000,2212.0000,16437900
6762,2026-02-16,2236.0000,2237.5000,2172.0000,2172.0000,6816000
6762,2026-02-17,2191.5000,2315.0000,2170.5000,2280.0000,11587000
6762,2026-02-18,2307.0000,2459.5000,2299.0000,2433.5000,22570600
6762,2026-02-19,2385.0000,2424.0000,2356.0000,2383.5000,13030300
6762,2026-02-20,2355.0000,2414.0000,2345.0000,2380.0000,9286700
6762,2026-02-24,2359.5000,2416.5000,2341.5000,2370.0000,13490600
6762,2026-02-25,2390.0000,2441.0000,2362.5000,2378.0000,13614800
6762,2026-02-26,2443.0000,2498.0000,2415.0000,2430.5000,12667000
6762,2026-02-27,2405.5000,2424.5000,2366.5000,2424.5000,12438400
6762,2026-03-02,2320.0000,2359.5000,2302.0000,2336.5000,11084700
6762,2026-03-03,2295.0000,2298.0000,2091.5000,2094.0000,24305900
6762,2026-03-04,2093.5000,2189.0000,2059.0000,2104.5000,19905400
6762,2026-03-05,2200.0000,2241.0000,2171.5000,2194.0000,15048100
6762,2026-03-06,2150.5000,2238.0000,2150.5000,2238.0000,10621800
6762,2026-03-09,2078.0000,2100.0000,2002.0000,2100.0000,15571400
6762,2026-03-10,2150.0000,2208.0000,2135.0000,2208.0000,11653600
6762,2026-03-11,2233.0000,2246.5000,2153.5000,2155.5000,12577500
6762,2026-03-12,2120.0000,2172.5000,2111.5000,2172.5000,11312300
6762,2026-03-13,2082.0000,2158.5000,2081.5000,2154.0000,12496600
6762,2026-03-16,2104.0000,2148.5000,2056.0000,2070.5000,11801000
6762,2026-03-17,2101.5000,2142.0000,2084.5000,2109.0000,12161600
6762,2026-03-18,2200.0000,2203.5000,2156.5000,2192.0000,9550500
6762,2026-03-19,2092.0000,2160.0000,2092.0000,2127.5000,12468800
6762,2026-03-23,1977.5000,2042.5000,1962.0000,2042.5000,10668000
6762,2026-03-24,2097.5000,2098.5000,1994.5000,2037.5000,8990600
6762,2026-03-25,2108.0000,2109.0000,2066.0000,2089.5000,7848500
6762,2026-03-26,2089.0000,2112.5000,2064.5000,2096.5000,6885500
6762,2026-03-27,2062.5000,2123.0000,2038.0000,2110.5000,9860700
6762,2026-03-30,1952.5000,2000.0000,1920.0000,2000.0000,12783300
6762,2026-03-31,1955.0000,2005.0000,1919.0000,1966.0000,12772200
6762,2026-04-01,2040.0000,2073.0000,2014.5000,2073.0000,10442300
6762,2026-04-02,2082.0000,2089.5000,1945.5000,1945.5000,16626000
6762,2026-04-03,1981.0000,2027.5000,1974.0000,2011.5000,13470000
6762,2026-04-06,2015.0000,2064.0000,2005.5000,2020.5000,7958300
6762,2026-04-07,2019.0000,2079.5000,2018.5000,2076.5000,7377100
6762,2026-04-08,2200.0000,2222.0000,2169.0000,2200.0000,12947000
6762,2026-04-09,2200.0000,2225.0000,2167.0000,2220.0000,11463800
6762,2026-04-10,2249.0000,2322.0000,2226.0000,2310.0000,14723300
6762,2026-04-13,2266.0000,2314.5000,2261.5000,2266.0000,9500600
6762,2026-04-14,2310.0000,2310.0000,2259.5000,2273.0000,7334800
6762,2026-04-15,2300.5000,2308.0000,2226.0000,2246.5000,12784200
6762,2026-04-16,2280.0000,2548.5000,2270.5000,2540.0000,23937900
6762,2026-04-17,2527.5000,2632.5000,2491.5000,2616.0000,21676400
6762,2026-04-20,2600.0000,2621.0000,2518.5000,2542.0000,14363800
6762,2026-04-21,2536.0000,2576.0000,2498.0000,2576.0000,10460000
6762,2026-04-22,2548.5000,2725.0000,2546.0000,2700.5000,17013700
6762,2026-04-23,2750.0000,2772.0000,2621.0000,2662.0000,12840800
6762,2026-04-24,2700.5000,2765.5000,2674.0000,2689.5000,13275300
6762,2026-04-27,2767.5000,2768.0000,2636.5000,2718.0000,14080800
6762,2026-04-28,2740.0000,2752.5000,2659.0000,2677.0000,14100800
6762,2026-04-30,2927.0000,2985.0000,2839.0000,2890.5000,33512200
6762,2026-05-01,2886.0000,2956.0000,2775.0000,2775.5000,14435800
6762,2026-05-07,2920.0000,2955.5000,2817.5000,2896.0000,20251700
6762,2026-05-08,2930.0000,2996.5000,2890.5000,2923.5000,14299700
6762,2026-05-11,2990.0000,3015.0000,2913.5000,2936.0000,10494200
6762,2026-05-12,2936.0000,2984.0000,2906.0000,2961.0000,10967100
6762,2026-05-13,2911.0000,2949.5000,2851.0000,2916.5000,9120600
6762,2026-05-14,2979.0000,3118.0000,2975.0000,3072.0000,13646200
6762,2026-05-15,3110.0000,3185.0000,2965.5000,2993.0000,13723700
6762,2026-05-18,2988.5000,3019.0000,2929.0000,2977.5000,8178800
6762,2026-05-19,3025.0000,3026.0000,2947.0000,2985.5000,10503400
6762,2026-05-20,2885.5000,2959.0000,2836.0000,2943.0000,11053200
6762,2026-05-21,2993.0000,3236.0000,2962.5000,3141.0000,11989200
6762,2026-05-22,3137.0000,3383.0000,3132.0000,3370.0000,14032900
6762,2026-05-25,3580.0000,3795.0000,3473.0000,3715.0000,20639200
6762,2026-05-26,3708.0000,3815.0000,3592.0000,3627.0000,16898300
6762,2026-05-27,3750.0000,3803.0000,3608.0000,3608.0000,15673600
6762,2026-05-28,3590.0000,3911.0000,3572.0000,3796.0000,24725800
6762,2026-05-29,3999.0000,4200.0000,3958.0000,4108.0000,28286900
6762,2026-06-01,4093.0000,4315.0000,3984.0000,4104.0000,30179600
6762,2026-06-02,4083.0000,4095.0000,3822.0000,3849.0000,23686700
6762,2026-06-03,3919.0000,4068.0000,3895.0000,3950.0000,17825900
6762,2026-06-04,3950.0000,3995.0000,3872.0000,3950.0000,12099400
6762,2026-06-05,3899.0000,4174.0000,3851.0000,4111.0000,18532200
6762,2026-06-08,3700.0000,3824.0000,3637.0000,3715.0000,17890100
6762,2026-06-09,3733.0000,3837.0000,3572.0000,3835.0000,19643100
6762,2026-06-10,3700.0000,3833.0000,3587.0000,3640.0000,15871800
6762,2026-06-11,3450.0000,3575.0000,3415.0000,3561.0000,14430600
6762,2026-06-12,3756.0000,3756.0000,3469.0000,3504.0000,19550000
6762,2026-06-15,3644.0000,3928.0000,3638.0000,3906.0000,18771500
6762,2026-06-16,3848.0000,3962.0000,3802.0000,3802.0000,17479000
6762,2026-06-17,3732.0000,3888.0000,3728.0000,3830.0000,11642300
6762,2026-06-18,3850.0000,4094.0000,3835.0000,3855.0000,13359700
6762,2026-06-19,3995.0000,3995.0000,3867.0000,3909.0000,18006600
6762,2026-06-22,3979.0000,4123.0000,3961.0000,4063.0000,14902600
6762,2026-06-23,4133.0000,4189.0000,3943.0000,3943.0000,18739900
6762,2026-06-24,3873.0000,3957.0000,3766.0000,3816.0000,14683100
6762,2026-06-25,3900.0000,3933.0000,3820.0000,3908.0000,10937400
6762,2026-06-26,3768.0000,3831.0000,3535.0000,3575.0000,18063900
6762,2026-06-29,3550.0000,3615.0000,3489.0000,3593.0000,12141700
6762,2026-06-30,3663.0000,3665.0000,3510.0000,3570.0000,14854000
6762,2026-07-01,3666.0000,3762.0000,3604.0000,3700.0000,15482900
6762,2026-07-02,3666.0000,3768.0000,3575.0000,3660.0000,14570500
6762,2026-07-03,3642.0000,3736.0000,3514.0000,3699.0000,11208700
6762,2026-07-06,3700.0000,3705.0000,3444.0000,3501.0000,14040500
6762,2026-07-07,3501.0000,3513.0000,3332.0000,3357.0000,15859800
6762,2026-07-08,3251.0000,3440.0000,3241.0000,3298.0000,16252200
6762,2026-07-09,3360.0000,3422.0000,3328.0000,3382.0000,10738400
6762,2026-07-10,3452.0000,3460.0000,3359.0000,3389.0000,12263000
6762,2026-07-13,3387.0000,3402.0000,3166.0000,3203.0000,13836900
6762,2026-07-14,3190.0000,3265.0000,3130.0000,3234.0000,12888800
6762,2026-07-15,3270.0000,3273.0000,3195.0000,3246.0000,8621900
6762,2026-07-16,3110.0000,3174.0000,3085.0000,3085.0000,13950400
6762,2026-07-17,3000.0000,3024.0000,2847.0000,2968.0000,17751500
6762,2026-07-21,3018.0000,3085.0000,2936.0000,3073.0000,13019600
6762,2026-07-22,3150.0000,3195.0000,3095.0000,3107.0000,9808700
6762,2026-07-23,3189.0000,3196.0000,3084.0000,3116.0000,6368500
6762,2026-07-24,3065.0000,3097.0000,2982.5000,3021.0000,7571700
6762,2026-07-27,3033.0000,3060.0000,2949.0000,3012.0000,8845200
6762,2026-07-28,2961.0000,2993.0000,2898.5000,2927.5000,14855900
6762,2026-07-29,2958.5000,2964.5000,2651.0000,2746.0000,20984300
6762,2026-07-30,2758.0000,2928.5000,2727.5000,2811.5000,16024600
6762,2026-07-31,3099.0000,3100.0000,2982.5000,3008.0000,20004700
6762,2026-08-03,3278.0000,3282.0000,3052.0000,3092.0000,23068600
6762,2026-08-04,3157.0000,3189.0000,3002.0000,3052.0000,16370500
6762,2026-08-05,3157.0000,3199.0000,3089.0000,3150.0000,12572700
6762,2026-08-06,3047.0000,3076.0000,2977.0000,3013.0000,13592600
6762,2026-08-07,3012.0000,3048.0000,2944.0000,2988.0000,9012500
6762,2026-08-10,2995.0000,3074.0000,2995.0000,3045.0000,5856800
6762,2026-08-12,3045.0000,3125.0000,3007.0000,3114.0000,7280800
6762,2026-08-13,3159.0000,3269.0000,3143.0000,3235.0000,9660600
6762,2026-08-14,3285.0000,3300.0000,3184.0000,3210.0000,11312200
6762,2026-08-17,3238.0000,3244.0000,3196.0000,3244.0000,6741900
6762,2026-08-18,3238.0000,3300.0000,3119.0000,3139.0000,7386800
6762,2026-08-19,2999.0000,3052.0000,2971.5000,3006.0000,10689700
6762,2026-08-20,2999.0000,3023.0000,2967.0000,3011.0000,7468100
6762,2026-08-21,2951.0000,3041.0000,2951.0000,3041.0000,7401600
6762,2026-08-24,3010.0000,3071.0000,3008.0000,3042.0000,5141600
6762,2026-08-25,2996.0000,3049.0000,2965.0000,3049.0000,6703300
6762,2026-08-26,3040.0000,3076.0000,2997.5000,3031.0000,5686900
6762,2026-08-27,3120.0000,3130.0000,3022.0000,3077.0000,5842300
6762,2026-08-28,3048.0000,3135.0000,3035.0000,3112.0000,7725600
6762,2026-08-31,3030.0000,3095.0000,3002.0000,3078.0000,8240900
6762,2026-09-01,3091.0000,3123.0000,3041.0000,3079.0000,5749300
6762,2026-09-02,2990.5000,3006.0000,2852.0000,2884.0000,12341600
6762,2026-09-03,2896.0000,2899.0000,2815.5000,2832.5000,9640000
6762,2026-09-04,2863.0000,2931.5000,2842.5000,2907.5000,7939800
6762,2026-09-07,3000.0000,3012.0000,2946.0000,2980.5000,9053500
6762,2026-09-08,2940.0000,2949.0000,2771.0000,2775.0000,10293800
6762,2026-09-09,2765.5000,2840.0000,2750.5000,2812.5000,11867400
6762,2026-09-10,2845.0000,2858.5000,2785.0000,2850.5000,11413700
6762,2026-09-11,2741.0000,2817.0000,2724.0000,2808.5000,12186500
6762,2026-09-14,2780.0000,2841.5000,2742.5000,2816.5000,6534400
6762,2026-09-15,2766.5000,2856.0000,2760.5000,2833.5000,5913000
6762,2026-09-16,2842.5000,2890.0000,2812.5000,2872.0000,6796400
6762,2026-09-17,2922.0000,2924.5000,2805.0000,2806.0000,7798900
6762,2026-09-18,2856.0000,2881.0000,2808.0000,2845.0000,10766500
6762,2026-09-24,2918.0000,3005.0000,2895.0000,2954.5000,14281800
6762,2026-09-25,2953.5000,3004.0000,2920.5000,2978.0000,9616900
6762,2026-09-28,2983.0000,3048.0000,2940.0000,2955.0000,8744900
6762,2026-09-29,2906.5000,2933.0000,2900.0000,2903.0000,1495200
6762,2026-09-30,3003.0000,3066.0000,2987.5000,2989.0000,2712100
6762,2026-10-01,3021.0000,3050.0000,2999.5000,3014.0000,1678000
6762,2026-10-02,3176.0000,3198.0000,3127.0000,3131.0000,2918300
6762,2026-10-05,3367.0000,3499.0000,3336.0000,3447.0000,22431900
6762,2026-10-06,3505.0000,3522.0000,3441.0000,3487.0000,6048200
6762,2026-10-07,3611.0000,3635.0000,3525.0000,3587.0000,5816100
6762,2026-10-08,3460.0000,3515.0000,3450.0000,3465.0000,3077500
688521,2026-02-26,251.6900,268.4000,243.8600,257.5100,27822452
688521,2026-02-27,252.8800,279.6900,252.4500,277.6600,24461071
688521,2026-03-02,275.1100,283.0000,265.3900,267.4000,20707638
688521,2026-03-03,269.0000,271.4700,235.0100,237.8000,27670788
688521,2026-03-04,229.1500,240.7500,225.9200,229.0000,20834395
688521,2026-03-05,241.0000,248.2900,235.0000,241.0800,24254380
688521,2026-03-06,239.5000,247.8800,237.4400,240.8500,15789187
688521,2026-03-09,220.5000,233.9900,214.0000,230.5800,19529420
688521,2026-03-10,242.6200,246.6200,234.5600,240.0000,17803707
688521,2026-03-11,242.3100,245.0000,218.0000,220.8700,25332161
688521,2026-03-12,220.1600,225.8300,211.6600,216.0000,20959108
688521,2026-03-13,215.0000,216.0000,206.0200,208.5200,20090588
688521,2026-03-16,207.0000,209.0000,202.0800,208.0100,13737943
688521,2026-03-17,208.9400,215.0000,204.0500,205.1000,16390321
688521,2026-03-18,208.7900,211.0300,203.3000,208.7000,12893438
688521,2026-03-19,201.8000,204.8700,198.0800,199.5200,13252763
688521,2026-03-20,203.3100,209.8800,198.6000,199.5000,19327549
688521,2026-03-23,196.5000,198.1600,188.0100,190.5000,16675539
688521,2026-03-24,194.9000,206.3700,187.4100,205.8800,25343269
688521,2026-03-25,208.2000,217.0000,207.0000,214.8000,23011861
688521,2026-03-26,218.1000,218.8700,209.0000,213.3500,15462151
688521,2026-03-27,208.0000,217.8500,205.0600,215.5300,15511738
688521,2026-03-30,208.0000,215.5000,206.7900,212.3000,12652803
688521,2026-03-31,210.5100,212.0000,199.9900,202.3000,16943508
688521,2026-04-01,213.0000,229.0000,213.0000,223.0000,27153652
688521,2026-04-02,219.9200,222.8600,215.0000,219.0000,16081848
688521,2026-04-03,224.0000,228.9700,217.9600,224.8000,18014520
688521,2026-04-07,230.4000,239.5000,230.2300,230.5500,20344951
688521,2026-04-08,243.0000,253.0000,235.6800,240.7200,22082464
688521,2026-04-09,235.0000,247.6000,234.0300,238.2400,17671801
688521,2026-04-10,245.0000,257.3000,242.3000,248.0000,20384451
688521,2026-04-13,246.1000,255.0000,236.0100,239.1700,22999323
688521,2026-04-14,243.7100,256.0300,235.0000,245.5000,27188913
688521,2026-04-15,245.0000,258.6500,238.2300,254.2400,24177988
688521,2026-04-16,252.0000,254.0000,219.0000,244.7000,47132397
688521,2026-04-17,237.0000,242.7900,231.7000,241.0800,28937567
688521,2026-04-20,240.5200,252.8000,239.0000,251.3900,24434435
688521,2026-04-21,254.0000,255.0000,232.1900,233.0600,33574350
688521,2026-04-22,231.1500,252.5000,231.1500,250.9500,30216009
688521,2026-04-23,253.0000,253.0100,232.6000,235.5000,24965131
688521,2026-04-24,235.0000,236.5500,218.4300,228.7100,27802026
688521,2026-04-27,234.8000,245.9600,231.6800,242.0400,24151812
688521,2026-04-28,242.0000,242.0000,226.3000,229.1700,19774910
688521,2026-04-29,224.0200,240.4000,223.5200,234.0700,20717216
688521,2026-04-30,260.0000,280.8800,260.0000,280.8800,40905185
688521,2026-05-06,292.0000,296.9600,278.2000,278.6000,47645187
688521,2026-05-07,275.0000,278.5000,266.0000,275.0000,38473080
688521,2026-05-08,271.0000,273.9700,260.1600,262.0000,30967737
688521,2026-05-11,272.0000,278.6300,262.3000,267.4000,33499894
688521,2026-05-12,263.6000,280.9800,261.1000,271.9900,29872332
688521,2026-05-13,262.4400,278.2000,256.5000,277.5000,30726344
688521,2026-05-14,282.0000,286.8000,265.9100,265.9100,25568152
688521,2026-05-15,263.0000,272.0000,249.0000,252.6000,27551369
688521,2026-05-18,248.0000,265.0000,248.0000,259.5000,18782123
688521,2026-05-19,257.3700,301.0000,252.7800,299.9100,40558824
688521,2026-05-20,295.0000,299.8000,291.0100,294.7900,22806993
688521,2026-05-21,303.0300,303.5500,271.1100,273.5400,23814621
688521,2026-05-22,280.0000,282.6000,270.0000,275.7500,18250195
688521,2026-05-25,273.9400,289.8500,266.0000,286.2700,24755606
688521,2026-05-26,289.2000,289.3600,259.3100,266.1500,26615007
688521,2026-05-27,266.5000,271.6000,248.0200,252.4500,25434206
688521,2026-05-28,250.0000,269.9500,247.0100,264.9500,24473081
688521,2026-05-29,260.0100,264.9500,241.7700,246.8400,22041204
688521,2026-06-01,248.5000,248.5000,226.6000,227.3000,20105902
688521,2026-06-02,230.9300,243.9700,221.3100,235.4000,22393553
688521,2026-06-03,241.9900,256.5100,236.8000,240.4500,28690735
688521,2026-06-04,232.9900,248.5600,232.0600,243.1000,20074234
688521,2026-06-05,236.1000,238.2300,224.9900,225.2000,22750068
688521,2026-06-08,208.0100,217.6300,208.0000,213.0000,19400123
688521,2026-06-09,218.0000,229.6300,213.4400,227.5200,19091378
688521,2026-06-10,224.6700,241.3400,224.0000,228.5200,19845816
688521,2026-06-11,227.2500,231.3700,222.0000,229.7600,14669434
688521,2026-06-12,239.0000,239.9800,222.2000,223.1300,23412087
688521,2026-06-15,228.0000,238.4700,226.6300,237.1200,23283659
688521,2026-06-16,239.0000,254.5800,233.3800,249.1000,22801043
688521,2026-06-17,245.5000,262.9000,241.5000,257.4600,21180846
688521,2026-06-18,261.0000,280.3000,258.0000,274.0000,28861276
688521,2026-06-22,274.1800,288.8000,268.0000,284.0000,28046178
688521,2026-06-23,278.0000,290.6100,272.1200,285.0000,26207674
688521,2026-06-24,282.0000,308.0000,279.6600,300.9000,29340465
688521,2026-06-25,300.0200,350.8800,295.3100,338.0500,33196150
688521,2026-06-26,330.0100,347.7800,321.8500,336.0000,26722832
688521,2026-06-29,344.1000,362.3000,337.6000,362.0000,28130152
688521,2026-06-30,360.0000,375.6700,350.0900,371.1400,24924025
688521,2026-07-01,368.0000,373.8000,338.9900,342.1000,29036835
688521,2026-07-02,321.1800,337.2000,306.8700,309.5000,29527994
688521,2026-07-03,304.0000,320.2400,301.0000,303.0000,21484072
688521,2026-07-06,308.1600,308.2000,287.0000,299.3900,21311992
688521,2026-07-07,301.0000,322.3100,297.5000,305.2600,22173316
688521,2026-07-08,324.0000,333.7200,307.1100,309.5000,25698051
688521,2026-07-09,315.0000,329.5300,306.0000,328.5600,24662431
688521,2026-07-10,321.9900,326.8900,291.9900,292.0000,31267173
688521,2026-07-13,285.7100,299.0000,266.8200,271.5400,23211411
688521,2026-07-14,272.8200,275.4900,254.0100,270.3300,21637704
688521,2026-07-15,272.3000,275.0000,251.1000,252.9800,16614235
688521,2026-07-16,248.0000,258.3000,240.8800,243.5600,16095816
688521,2026-07-17,251.0500,255.3900,230.0900,231.6000,30067751
688521,2026-07-20,240.2200,242.0000,211.5400,225.0000,27505592
688521,2026-07-21,228.2800,248.8900,203.6700,244.7000,31000422
688521,2026-07-22,239.9000,258.8900,237.5000,239.4700,24355973
688521,2026-07-23,243.3000,244.8900,221.6300,223.0000,18931485
688521,2026-07-24,217.0000,228.3800,216.7200,221.8000,14346085
688521,2026-07-27,221.8000,227.5000,214.0000,224.5900,12196125
688521,2026-07-28,216.0100,221.8900,204.0000,205.4100,15905729
688521,2026-07-29,205.3500,208.3000,182.0000,192.0200,23062597
688521,2026-07-30,191.7600,195.5000,170.2100,170.2100,23934261
688521,2026-07-31,187.7900,202.0000,187.7900,193.0000,25828853
688521,2026-08-03,190.1800,196.0000,183.5000,184.0900,16041125
688521,2026-08-04,189.0000,209.9800,185.0000,207.0900,20157563
688521,2026-08-05,213.0000,219.4600,205.0600,215.1600,23052950
688521,2026-08-06,210.0000,220.2000,207.0000,217.1700,16695965
688521,2026-08-07,215.2300,231.9700,214.0100,230.5000,20362241
688521,2026-08-10,227.0000,227.9800,210.2800,212.7500,21199496
688521,2026-08-11,208.7600,216.3000,207.6900,211.5100,11934092
688521,2026-08-12,210.0000,215.6900,206.0000,211.4000,16049886
688521,2026-08-13,216.0100,219.8400,205.8800,206.0700,16857030
688521,2026-08-14,210.9000,211.9800,203.5200,207.2800,12476607
688521,2026-08-17,208.2900,226.6600,205.8500,226.3000,21609635
688521,2026-08-18,215.0100,222.2800,208.6600,213.3000,32130089
688521,2026-08-19,207.1300,207.6400,183.0000,185.2900,27351864
688521,2026-08-20,188.1700,189.5000,176.0100,178.3700,22117402
688521,2026-08-21,177.9700,182.9200,175.0000,178.3800,14193208
688521,2026-08-24,176.6000,178.3800,164.6000,168.6600,16456953
688521,2026-08-25,166.3300,168.0000,161.3700,164.4900,14463432
688521,2026-08-26,165.0000,182.0000,163.3300,180.5000,25995382
688521,2026-08-27,180.1500,196.3600,178.8000,193.7000,26987133
688521,2026-08-28,193.1700,196.8500,186.2500,186.9000,18218538
688521,2026-08-31,182.0100,200.6000,180.5600,200.2600,22388284
688521,2026-09-01,199.9200,200.4300,191.4000,192.4000,14800885
688521,2026-09-02,188.0000,197.9200,186.5000,193.6000,18042563
688521,2026-09-03,196.4300,198.6000,189.0700,191.3200,11613153
688521,2026-09-04,194.1000,194.9900,181.1400,183.7700,14658629
688521,2026-09-07,186.0000,187.9200,181.0800,185.7800,14745102
688521,2026-09-08,185.3600,200.5000,185.0200,190.8800,22915011
688521,2026-09-09,196.0900,203.5800,187.8600,191.0000,16782446
688521,2026-09-10,189.0000,189.1800,182.1000,184.1500,19618213
688521,2026-09-11,181.0000,186.0100,179.9500,185.2200,20940398
688521,2026-09-14,179.0000,182.2100,174.1100,179.2400,19144256
688521,2026-09-15,178.6100,190.9600,178.0000,185.0000,17751776
688521,2026-09-16,187.9600,193.3300,183.5000,189.8200,18380316
688521,2026-09-17,191.7200,199.5300,191.7200,196.1000,21515383
688521,2026-09-18,202.0000,209.1000,199.5600,205.1800,29142499
688521,2026-09-21,207.0000,212.5000,201.0300,207.8000,20699258
688521,2026-09-22,213.9900,218.2400,207.1700,208.0300,23060681
688521,2026-09-23,208.6000,214.8700,207.5500,210.2000,13434102
688521,2026-09-24,211.4600,218.5500,205.7000,207.4500,18685820
688521,2026-09-28,206.9800,207.4500,190.7000,193.0000,17136985
688521,2026-09-29,190.0000,197.0500,186.0000,193.6400,14083297
688521,2026-09-30,197.0000,199.8900,171.5000,171.6800,30671770
688521,2026-10-08,168.0000,169.9000,158.0000,158.4500,18490623
688777,2026-02-26,77.4400,80.8000,76.7800,79.1300,23863781
688777,2026-02-27,78.8300,81.0700,78.0100,80.2000,20312059
688777,2026-03-02,78.0000,79.3000,77.1400,77.9700,16266694
688777,2026-03-03,78.1000,78.4500,70.3700,70.5500,42112500
688777,2026-03-04,69.8000,73.5000,69.6600,72.7500,24230322
688777,2026-03-05,76.1500,77.4800,74.7300,75.5800,25218811
688777,2026-03-06,75.0000,76.5700,73.8300,74.2500,15425068
688777,2026-03-09,71.4000,74.9800,71.4000,74.3700,17097820
688777,2026-03-10,75.4500,75.8500,73.5000,73.9800,15121158
688777,2026-03-11,74.1000,74.4900,71.8000,71.8900,13507448
688777,2026-03-12,71.5600,73.8800,70.6300,70.9900,13076088
688777,2026-03-13,70.5000,72.8100,70.0200,71.1300,15810309
688777,2026-03-16,70.5800,71.6100,68.8800,70.6500,14044639
688777,2026-03-17,71.1700,73.6800,70.1700,71.0000,19744257
688777,2026-03-18,70.6500,75.0000,70.6500,73.8000,21292024
688777,2026-03-19,72.5000,72.7000,69.5700,70.0100,21372395
688777,2026-03-20,70.8900,70.9900,66.9300,67.0000,17868281
688777,2026-03-23,66.3000,66.7000,62.8000,63.2000,25721211
688777,2026-03-24,64.8100,64.9400,62.3000,64.0000,16371512
688777,2026-03-25,64.4000,67.8800,64.4000,65.7100,15078903
688777,2026-03-26,66.0000,66.0800,63.8100,64.1000,8032347
688777,2026-03-27,63.5000,66.0000,63.3700,64.8000,11393321
688777,2026-03-30,63.3000,65.2500,62.6700,64.8000,9842819
688777,2026-03-31,65.0900,66.9000,64.3000,64.4500,10670717
688777,2026-04-01,66.6000,68.3400,66.0100,66.8400,18965881
688777,2026-04-02,66.4800,66.4800,64.1200,64.7800,11076281
688777,2026-04-03,64.9900,65.2900,63.8600,64.0000,7865206
688777,2026-04-07,64.0000,64.3900,62.5000,62.5200,8699923
688777,2026-04-08,65.7900,68.6800,65.7900,68.5000,20885578
688777,2026-04-09,67.5000,68.7000,65.4100,67.2700,18342179
688777,2026-04-10,67.9800,69.4800,66.9300,67.0000,14586918
688777,2026-04-13,66.1200,66.5500,64.7600,64.8000,14803979
688777,2026-04-14,65.8800,69.0400,65.8000,68.0700,22373890
688777,2026-04-15,68.0800,68.7700,65.8000,66.0000,16603918
688777,2026-04-16,66.4000,68.2100,66.2600,67.3800,11939560
688777,2026-04-17,67.4500,69.2200,66.5000,68.4400,14877555
688777,2026-04-20,68.3200,73.1000,67.1200,71.4000,26777228
688777,2026-04-21,70.2800,70.8500,67.6300,68.8100,27609396
688777,2026-04-22,68.8200,69.5600,67.8000,68.4200,15146642
688777,2026-04-23,68.6600,68.9100,65.7300,67.0000,14833937
688777,2026-04-24,66.6600,68.2600,64.5500,67.3900,19797381
688777,2026-04-27,68.3400,75.3300,68.0300,74.9100,37232693
688777,2026-04-28,74.9900,77.6600,74.5100,76.3500,28890878
688777,2026-04-29,76.8000,79.2800,75.0600,77.4600,23283866
688777,2026-04-30,77.0700,79.7000,76.2000,79.2900,22960874
688777,2026-05-06,80.0000,85.1800,79.5200,82.2200,29048811
688777,2026-05-07,82.2300,83.0000,80.5000,82.5800,18700526
688777,2026-05-08,83.0000,85.0500,81.1200,81.4400,22710658
688777,2026-05-11,81.3600,84.5800,80.3300,82.0000,25089592
688777,2026-05-12,81.7900,81.7900,78.4500,78.7700,27153121
688777,2026-05-13,78.7000,79.3900,77.2000,78.8000,18975813
688777,2026-05-14,78.8000,79.9000,75.4000,75.4300,21314276
688777,2026-05-15,75.9200,82.1300,74.6000,79.0600,30758004
688777,2026-05-18,77.9000,84.8400,77.8900,84.0500,31320904
688777,2026-05-19,85.1500,89.4000,85.1500,87.1600,29406742
688777,2026-05-20,87.2000,90.3800,87.0100,87.9700,25955962
688777,2026-05-21,88.4700,91.3900,84.4400,84.8500,26382457
688777,2026-05-22,86.5700,87.3800,83.3800,86.1600,21071725
688777,2026-05-25,85.6400,89.6300,83.6600,87.8200,27252269
688777,2026-05-26,87.8300,90.6000,86.0600,89.6000,28302008
688777,2026-05-27,89.0500,90.8000,83.1000,83.4900,28850726
688777,2026-05-28,83.2000,92.5800,80.8000,91.0000,33109191
688777,2026-05-29,91.9000,93.4800,84.9900,85.8000,26165176
688777,2026-06-01,86.0000,93.3000,86.0000,88.4600,35345270
688777,2026-06-02,90.0000,94.9600,86.0000,94.0900,34988784
688777,2026-06-03,92.5000,97.3000,90.0000,92.3500,33441117
688777,2026-06-04,91.0000,92.5000,87.5000,88.4200,24348812
688777,2026-06-05,90.4000,102.0000,88.3300,100.0000,45434029
688777,2026-06-08,99.6000,107.6800,97.7300,103.5000,43826555
688777,2026-06-09,102.9200,114.0000,101.1000,110.0000,35142865
688777,2026-06-10,109.0000,109.9200,101.3000,103.3900,31505862
688777,2026-06-11,101.3300,103.1400,96.4000,98.9000,27067649
688777,2026-06-12,101.5500,113.5400,100.3000,106.0900,36966835
688777,2026-06-15,105.3400,112.1300,104.6000,110.4600,27773823
688777,2026-06-16,110.0000,114.4400,106.6000,109.4500,22188591
688777,2026-06-17,108.5100,118.0000,107.5100,117.2000,23807650
688777,2026-06-18,116.8000,129.9900,115.5100,124.5000,32166310
688777,2026-06-22,124.5000,126.9700,119.1800,124.0200,23114768
688777,2026-06-23,122.0300,122.1800,116.3300,120.0700,20333056
688777,2026-06-24,120.4000,125.5000,116.0600,121.4900,21929474
688777,2026-06-25,123.5100,124.2000,117.8000,119.7000,20269576
688777,2026-06-26,120.0000,121.8800,113.8800,119.0500,24584823
688777,2026-06-29,119.5000,125.2200,114.0000,118.4500,27294284
688777,2026-06-30,121.0000,124.2100,113.5500,117.5000,23252881
688777,2026-07-01,119.7700,121.9000,111.6800,113.9000,24657537
688777,2026-07-02,111.0000,113.0000,102.8500,103.0000,35887519
688777,2026-07-03,102.9900,107.6300,99.0000,104.2000,22735726
688777,2026-07-06,105.5800,105.6600,99.0000,101.8200,18705503
688777,2026-07-07,102.7700,107.3300,100.5000,104.0000,18606917
688777,2026-07-08,105.0500,108.2800,101.6300,104.4000,16797322
688777,2026-07-09,105.0000,114.1300,104.0000,113.3600,20043863
688777,2026-07-10,112.9600,114.9900,105.8800,105.8800,18050281
688777,2026-07-13,103.8800,105.0000,95.2000,96.1000,22611288
688777,2026-07-14,97.6800,99.2600,94.6600,98.2400,16614220
688777,2026-07-15,99.0000,101.3000,94.1000,95.7600,17251223
688777,2026-07-16,95.0000,97.0000,90.6800,91.0600,15509253
688777,2026-07-17,91.8500,92.9200,85.3600,87.5000,21555276
688777,2026-07-20,89.6900,92.2600,85.7100,91.0000,21131777
688777,2026-07-21,91.0000,95.2600,86.0000,94.5800,21533671
688777,2026-07-22,93.6400,94.4600,85.9800,86.0000,20919712
688777,2026-07-23,86.0000,86.8900,82.6300,83.3500,15191668
688777,2026-07-24,82.6000,84.2300,80.7000,81.9000,11714221
688777,2026-07-27,83.3700,84.9500,81.0500,84.8800,12721620
688777,2026-07-28,82.9200,83.9500,78.8300,79.2900,13422035
688777,2026-07-29,78.9900,80.9500,75.4300,79.9000,17916130
688777,2026-07-30,80.4200,83.2900,77.2500,80.8000,19738575
688777,2026-07-31,86.0000,96.9600,84.0800,93.1200,34160447
688777,2026-08-03,92.0000,99.6600,90.0000,92.7700,27251377
688777,2026-08-04,93.7000,102.8800,93.3000,99.9000,24049215
688777,2026-08-05,99.8000,111.8500,99.6600,106.5900,26416452
688777,2026-08-06,103.5900,106.8800,102.0000,104.5000,24106584
688777,2026-08-07,103.7000,104.9500,100.6800,103.4800,19535209
688777,2026-08-10,103.0000,104.6000,101.0000,103.0000,14724025
688777,2026-08-11,102.9700,104.5000,98.2900,98.7800,19005767
688777,2026-08-12,98.6000,101.6600,97.6800,99.1900,14798501
688777,2026-08-13,98.8800,102.4000,96.3500,96.3500,18294844
688777,2026-08-14,96.0200,97.6800,92.4600,95.1900,18424153
688777,2026-08-17,95.2000,97.3600,94.0100,96.8100,14895944
688777,2026-08-18,96.5100,97.8900,94.6900,96.5500,11582533
688777,2026-08-19,94.0100,94.6300,88.8300,89.3500,15931303
688777,2026-08-20,91.0000,95.1700,90.5000,91.7000,15189564
688777,2026-08-21,91.7000,91.7900,89.8900,91.1100,7615557
688777,2026-08-24,90.6600,91.1800,86.9800,88.3100,10348108
688777,2026-08-25,88.0000,90.2600,87.0500,88.8000,9778692
688777,2026-08-26,89.6000,91.9300,88.8100,90.5100,10044359
688777,2026-08-27,90.3000,91.9800,89.3600,91.7000,10714457
688777,2026-08-28,93.0000,97.1900,91.6100,92.1400,20788447
688777,2026-08-31,86.0000,99.1400,84.1000,97.8100,27131410
688777,2026-09-01,97.9400,98.4000,94.1700,96.0000,11176720
688777,2026-09-02,94.1300,95.8700,90.0500,90.8800,12380409
688777,2026-09-03,91.3700,93.4400,88.3500,89.5400,9730790
688777,2026-09-04,90.7500,93.9700,89.2000,89.7200,12902311
688777,2026-09-07,89.7400,92.5000,88.6600,89.6000,11640281
688777,2026-09-08,89.6000,91.8800,87.0900,87.6700,10383126
688777,2026-09-09,87.5600,88.6500,86.4700,86.5200,8392128
688777,2026-09-10,85.5500,87.1600,85.2300,86.1500,6233562
688777,2026-09-11,86.0000,86.0000,82.5000,83.9900,10149235
688777,2026-09-14,82.9800,84.6900,81.8300,83.3000,5915697
688777,2026-09-15,83.6500,87.5600,83.5300,85.0100,9202573
688777,2026-09-16,85.0000,86.8000,82.7400,86.4000,8806968
688777,2026-09-17,85.6000,87.8100,84.1400,84.6600,9331392
688777,2026-09-18,86.0100,89.0000,84.1100,88.0000,13219560
688777,2026-09-21,88.5600,89.1700,81.2200,81.8000,17944984
688777,2026-09-22,83.4000,84.7600,81.2800,81.7200,16384254
688777,2026-09-23,81.8500,82.0100,79.9600,81.2900,10432384
688777,2026-09-24,81.0000,81.8000,80.0200,80.0200,6711323
688777,2026-09-28,80.2300,80.5600,76.2600,77.1100,12188692
688777,2026-09-29,77.0200,79.5600,76.6000,78.4800,8485637
688777,2026-09-30,81.0000,81.3900,79.1400,80.0500,9196795
688777,2026-10-08,80.0000,80.3500,78.2600,78.5000,5354675
688825,2026-07-27,49.5000,55.0300,38.1100,49.0000,2990129163
688825,2026-07-28,45.2200,49.7400,45.2100,47.0000,930477847
688825,2026-07-29,46.5000,53.9900,46.2600,52.9500,902313540
688825,2026-07-30,52.2000,54.6600,49.2500,52.8700,860839199
688825,2026-07-31,58.2000,60.6000,52.8800,53.9700,877449611
688825,2026-08-03,52.5100,55.9800,50.7300,54.9900,557925365
688825,2026-08-04,55.0000,56.1600,53.0200,55.0000,508205571
688825,2026-08-05,54.6000,56.0600,53.0100,54.3000,574533044
688825,2026-08-06,52.9600,53.2300,51.1300,51.9600,560574859
688825,2026-08-07,51.0100,53.1500,50.0600,52.4800,515512907
688825,2026-08-10,52.4700,52.5900,49.7700,51.3000,503397678
688825,2026-08-11,50.8100,51.3000,50.0500,50.4000,284095105
688825,2026-08-12,50.8200,54.4000,50.8100,53.5200,514102135
688825,2026-08-13,54.8000,55.9200,52.7300,52.8800,465377680
688825,2026-08-14,54.4900,55.3800,54.2000,55.1800,362235670
688825,2026-08-17,55.6000,61.8000,55.5000,61.8000,566136754
688825,2026-08-18,61.1500,61.3000,58.2300,59.1900,426504877
688825,2026-08-19,57.1000,58.3400,55.7000,57.5500,460638573
688825,2026-08-20,57.5800,58.4300,56.0500,57.5700,296418334
688825,2026-08-21,57.2100,59.5600,57.2100,58.0000,275847845
688825,2026-08-24,57.6000,58.8800,55.2900,56.6000,293731946
688825,2026-08-25,55.3500,57.1900,54.9100,56.5000,236842998
688825,2026-08-26,56.6000,56.9700,55.5100,56.1000,201284145
688825,2026-08-27,56.6500,59.3000,56.2000,59.1200,324624545
688825,2026-08-28,58.5000,59.8000,58.0900,58.6000,226216708
688825,2026-08-31,58.8000,59.9000,57.0100,58.0100,357653432
688825,2026-09-01,58.5000,58.8800,56.0600,56.5000,231592525
688825,2026-09-02,55.5500,55.8800,54.0000,54.3200,243949672
688825,2026-09-03,55.0000,56.0500,54.3700,55.5500,202392499
688825,2026-09-04,56.0100,56.6500,54.4500,54.8000,199646496
688825,2026-09-07,56.5100,58.9700,56.5000,58.4700,353839820
688825,2026-09-08,58.4000,59.3900,57.6100,58.3900,197784411
688825,2026-09-09,58.9000,59.0800,56.4700,56.8700,178739399
688825,2026-09-10,57.0400,58.2800,57.0200,57.2000,162329942
688825,2026-09-11,56.0000,57.0000,54.8000,56.7300,208390217
688825,2026-09-14,55.2200,55.4900,54.4000,54.4900,191214352
688825,2026-09-15,54.4900,55.8900,54.0500,54.2200,179376011
688825,2026-09-16,54.4000,55.8000,53.5100,55.1000,213245388
688825,2026-09-17,54.6000,54.9900,53.3300,53.4700,207059476
688825,2026-09-18,54.4300,55.9600,54.1800,55.5400,262651331
688825,2026-09-21,57.0000,58.7600,56.4600,56.8800,243467649
688825,2026-09-22,57.8900,59.5000,57.0100,57.8600,287081713
688825,2026-09-23,58.5000,59.8300,58.2000,58.6200,206428074
688825,2026-09-24,57.7000,57.8000,56.2000,56.2000,151606263
688825,2026-09-28,56.0000,56.2900,53.8000,53.8000,215431375
688825,2026-09-29,53.7100,55.7800,53.6800,55.5500,149458088
688825,2026-09-30,55.5500,55.8500,54.3800,54.7900,116869999
688825,2026-10-08,54.5000,54.5100,50.6000,51.1800,254709522
7203,2026-02-17,3682.0000,3724.0000,3667.0000,3713.0000,13395200
7203,2026-02-18,3758.0000,3769.0000,3719.0000,3730.0000,15050800
7203,2026-02-19,3730.0000,3786.0000,3710.0000,3774.0000,15842100
7203,2026-02-20,3710.0000,3715.0000,3605.0000,3635.0000,24781700
7203,2026-02-24,3676.0000,3682.0000,3621.0000,3656.0000,20855600
7203,2026-02-25,3697.0000,3753.0000,3680.0000,3720.0000,24220000
7203,2026-02-26,3780.0000,3821.0000,3755.0000,3776.0000,24605000
7203,2026-02-27,3740.0000,3825.0000,3716.0000,3825.0000,28621000
7203,2026-03-02,3685.0000,3957.0000,3652.0000,3944.0000,44611800
7203,2026-03-03,3800.0000,3801.0000,3673.0000,3702.0000,50592000
7203,2026-03-04,3660.0000,3669.0000,3497.0000,3520.0000,34266800
7203,2026-03-05,3600.0000,3635.0000,3481.0000,3481.0000,31699400
7203,2026-03-06,3490.0000,3543.0000,3470.0000,3515.0000,20575900
7203,2026-03-09,3299.0000,3423.0000,3295.0000,3393.0000,28223800
7203,2026-03-10,3463.0000,3517.0000,3432.0000,3473.0000,22222100
7203,2026-03-11,3501.0000,3569.0000,3500.0000,3510.0000,15207900
7203,2026-03-12,3510.0000,3511.0000,3417.0000,3467.0000,19335000
7203,2026-03-13,3360.0000,3432.0000,3360.0000,3370.0000,22705700
7203,2026-03-16,3370.0000,3380.0000,3328.0000,3338.0000,18079900
7203,2026-03-17,3377.0000,3394.0000,3357.0000,3379.0000,11542500
7203,2026-03-18,3359.0000,3424.0000,3359.0000,3404.0000,15583800
7203,2026-03-19,3360.0000,3374.0000,3316.0000,3325.0000,23090100
7203,2026-03-23,3278.0000,3280.0000,3190.0000,3251.0000,22909400
7203,2026-03-24,3321.0000,3336.0000,3258.0000,3271.0000,16565700
7203,2026-03-25,3389.0000,3420.0000,3328.0000,3338.0000,18556700
7203,2026-03-26,3383.0000,3388.0000,3348.0000,3388.0000,16107200
7203,2026-03-27,3355.0000,3434.0000,3346.0000,3408.0000,28198100
7203,2026-03-30,3204.0000,3237.0000,3168.0000,3224.0000,30941700
7203,2026-03-31,3200.0000,3252.0000,3162.0000,3162.0000,26872400
7203,2026-04-01,3280.0000,3311.0000,3253.0000,3311.0000,25388600
7203,2026-04-02,3365.0000,3384.0000,3251.0000,3262.0000,21711400
7203,2026-04-03,3277.0000,3316.0000,3255.0000,3255.0000,11056900
7203,2026-04-06,3255.0000,3297.0000,3244.0000,3247.0000,11430400
7203,2026-04-07,3235.0000,3264.0000,3224.0000,3252.0000,14215500
7203,2026-04-08,3392.0000,3418.0000,3333.0000,3384.0000,27222600
7203,2026-04-09,3398.0000,3399.0000,3318.0000,3331.0000,20191400
7203,2026-04-10,3345.0000,3363.0000,3295.0000,3319.0000,16930900
7203,2026-04-13,3295.0000,3337.0000,3280.0000,3319.0000,14353200
7203,2026-04-14,3355.0000,3355.0000,3288.0000,3326.0000,15920200
7203,2026-04-15,3355.0000,3386.0000,3344.0000,3381.0000,20317000
7203,2026-04-16,3416.0000,3468.0000,3392.0000,3392.0000,20154600
7203,2026-04-17,3400.0000,3400.0000,3343.0000,3343.0000,14251500
7203,2026-04-20,3413.0000,3413.0000,3380.0000,3390.0000,14589600
7203,2026-04-21,3345.0000,3356.0000,3280.0000,3280.0000,19345300
7203,2026-04-22,3220.0000,3235.0000,3191.0000,3191.0000,20463800
7203,2026-04-23,3191.0000,3205.0000,3111.0000,3123.0000,23206300
7203,2026-04-24,3122.0000,3133.0000,3062.0000,3067.0000,22659400
7203,2026-04-27,3065.0000,3101.0000,3057.0000,3067.0000,19390900
7203,2026-04-28,3131.0000,3135.0000,3079.0000,3112.0000,21920800
7203,2026-04-30,3062.0000,3071.0000,2997.0000,3023.0000,32130400
7203,2026-05-01,3000.0000,3022.0000,2971.0000,3000.0000,21904100
7203,2026-05-07,3017.0000,3047.0000,2978.0000,2978.0000,37816000
7203,2026-05-08,3020.0000,3088.0000,2874.0000,2913.0000,75083900
7203,2026-05-11,2800.0000,2888.0000,2798.0000,2870.0000,43038000
7203,2026-05-12,2831.0000,2886.5000,2820.0000,2843.0000,29055900
7203,2026-05-13,2884.5000,2945.0000,2879.0000,2939.5000,29534100
7203,2026-05-14,2944.0000,3010.0000,2943.0000,3008.0000,31564100
7203,2026-05-15,3017.0000,3086.0000,2987.5000,3085.0000,43178700
7203,2026-05-18,2990.0000,3013.0000,2940.0000,2954.5000,30946400
7203,2026-05-19,2955.0000,2979.0000,2931.0000,2957.0000,23002200
7203,2026-05-20,3003.0000,3027.0000,2942.0000,2942.0000,26030500
7203,2026-05-21,2964.5000,3027.0000,2961.0000,2978.0000,21798100
7203,2026-05-22,3020.0000,3022.0000,2975.5000,2987.0000,16498800
7203,2026-05-25,3051.0000,3108.0000,3006.0000,3026.0000,22249700
7203,2026-05-26,3028.0000,3030.0000,2990.0000,3022.0000,16349400
7203,2026-05-27,3016.0000,3039.0000,2998.5000,3008.0000,17980500
7203,2026-05-28,3039.0000,3072.0000,3023.0000,3030.0000,25312200
7203,2026-05-29,3022.0000,3082.0000,3022.0000,3042.0000,39820000
7203,2026-06-01,3006.0000,3009.0000,2891.0000,2905.5000,37687200
7203,2026-06-02,2849.5000,2863.5000,2805.0000,2844.0000,37933000
7203,2026-06-03,2840.0000,2920.0000,2833.0000,2881.0000,27875500
7203,2026-06-04,2875.0000,2879.5000,2835.0000,2838.5000,19751600
7203,2026-06-05,2872.0000,2885.5000,2837.0000,2850.0000,18955400
7203,2026-06-08,2817.0000,2862.0000,2795.5000,2822.5000,30734900
7203,2026-06-09,2850.0000,2873.0000,2821.5000,2830.0000,22825800
7203,2026-06-10,2837.0000,2840.5000,2787.5000,2814.0000,25839700
7203,2026-06-11,2768.0000,2782.5000,2718.5000,2747.5000,27541100
7203,2026-06-12,2792.0000,2798.5000,2756.5000,2775.5000,29442600
7203,2026-06-15,2836.5000,2934.5000,2830.0000,2902.5000,29688600
7203,2026-06-16,2867.0000,2894.0000,2826.5000,2847.5000,20615100
7203,2026-06-17,2862.5000,2863.5000,2803.5000,2810.0000,26726100
7203,2026-06-18,2800.0000,2807.0000,2774.5000,2793.5000,27620900
7203,2026-06-19,2785.0000,2793.0000,2755.0000,2776.5000,28789700
7203,2026-06-22,2770.0000,2802.0000,2741.5000,2741.5000,22063700
7203,2026-06-23,2745.0000,2748.0000,2706.0000,2706.0000,22693000
7203,2026-06-24,2731.0000,2731.0000,2686.0000,2686.0000,25725300
7203,2026-06-25,2700.0000,2713.5000,2689.0000,2700.5000,20706600
7203,2026-06-26,2714.0000,2768.0000,2696.5000,2768.0000,32537200
7203,2026-06-29,2805.0000,2805.0000,2745.0000,2772.0000,31780500
7203,2026-06-30,2775.0000,2782.5000,2708.0000,2725.0000,32958300
7203,2026-07-01,2765.0000,2771.5000,2715.0000,2724.5000,21882700
7203,2026-07-02,2759.0000,2839.0000,2750.0000,2793.0000,30358500
7203,2026-07-03,2839.0000,2856.5000,2813.0000,2828.0000,23428700
7203,2026-07-06,2855.0000,2923.0000,2839.0000,2923.0000,26728000
7203,2026-07-07,2950.0000,2980.0000,2925.0000,2946.0000,36408300
7203,2026-07-08,2926.0000,2942.0000,2884.0000,2889.0000,28465700
7203,2026-07-09,2854.0000,2865.0000,2817.0000,2824.0000,24949800
7203,2026-07-10,2863.5000,2864.5000,2817.5000,2823.0000,26668000
7203,2026-07-13,2844.0000,2847.0000,2794.0000,2806.0000,19932600
7203,2026-07-14,2832.0000,2853.0000,2815.5000,2839.0000,20459300
7203,2026-07-15,2857.0000,2875.5000,2837.0000,2875.5000,21157100
7203,2026-07-16,2876.0000,2935.5000,2858.5000,2909.0000,29732200
7203,2026-07-17,2865.5000,2913.5000,2857.0000,2899.5000,35779500
7203,2026-07-21,2900.0000,2972.0000,2893.5000,2944.5000,31065300
7203,2026-07-22,2921.5000,2951.0000,2897.5000,2939.0000,24733500
7203,2026-07-23,2938.0000,2950.0000,2913.5000,2950.0000,24503500
7203,2026-07-24,2920.0000,2923.0000,2877.5000,2897.0000,23007200
7203,2026-07-27,2921.0000,2973.0000,2915.0000,2965.5000,26894200
7203,2026-07-28,2972.5000,3015.0000,2934.5000,3008.0000,30618100
7203,2026-07-29,3085.0000,3233.0000,3059.0000,3224.0000,61406300
7203,2026-07-30,3181.0000,3192.0000,3106.0000,3126.0000,102087800
7203,2026-07-31,3032.0000,3119.0000,3021.0000,3067.0000,37342500
7203,2026-08-03,2999.0000,2999.0000,2885.5000,2963.5000,43659400
7203,2026-08-04,2948.0000,3028.0000,2871.0000,2918.5000,70011500
7203,2026-08-05,2903.0000,2924.5000,2869.5000,2914.5000,48003400
7203,2026-08-06,2930.0000,2993.5000,2918.0000,2983.5000,31969900
7203,2026-08-07,2995.0000,3022.0000,2964.5000,2980.0000,24563900
7203,2026-08-10,2989.5000,2989.5000,2939.5000,2981.0000,23489400
7203,2026-08-12,3010.0000,3027.0000,2981.0000,2999.5000,23418400
7203,2026-08-13,3010.0000,3020.0000,2968.0000,2985.0000,21779600
7203,2026-08-14,2985.0000,3027.0000,2968.5000,3020.0000,22125700
7203,2026-08-17,3043.0000,3052.0000,3007.0000,3013.0000,15465900
7203,2026-08-18,3006.0000,3027.0000,2989.0000,3022.0000,17285000
7203,2026-08-19,3023.0000,3024.0000,2927.0000,2941.0000,26717600
7203,2026-08-20,3000.0000,3078.0000,3000.0000,3066.0000,30687200
7203,2026-08-21,3066.0000,3132.0000,3056.0000,3132.0000,25924500
7203,2026-08-24,3132.0000,3141.0000,3077.0000,3125.0000,19283900
7203,2026-08-25,3095.0000,3120.0000,3073.0000,3082.0000,18602900
7203,2026-08-26,3071.0000,3104.0000,3066.0000,3070.0000,18377900
7203,2026-08-27,3104.0000,3120.0000,3064.0000,3077.0000,18488000
7203,2026-08-28,3090.0000,3145.0000,3081.0000,3116.0000,24831800
7203,2026-08-31,3120.0000,3188.0000,3116.0000,3156.0000,33832100
7203,2026-09-01,3150.0000,3269.0000,3145.0000,3243.0000,28612900
7203,2026-09-02,3158.0000,3190.0000,3121.0000,3133.0000,26793300
7203,2026-09-03,3162.0000,3182.0000,3117.0000,3117.0000,22107500
7203,2026-09-04,3126.0000,3142.0000,3081.0000,3081.0000,21768900
7203,2026-09-07,3110.0000,3120.0000,3088.0000,3096.0000,12938800
7203,2026-09-08,3040.0000,3040.0000,2968.5000,2968.5000,30560900
7203,2026-09-09,2950.0000,2995.5000,2939.5000,2971.0000,24802100
7203,2026-09-10,2960.0000,2994.0000,2945.0000,2994.0000,18691400
7203,2026-09-11,2950.5000,3040.0000,2950.0000,3031.0000,27282400
7203,2026-09-14,3026.0000,3056.0000,3014.0000,3025.0000,22994300
7203,2026-09-15,3025.0000,3042.0000,3010.0000,3021.0000,19958900
7203,2026-09-16,3043.0000,3068.0000,3016.0000,3016.0000,17508600
7203,2026-09-17,3016.0000,3042.0000,3011.0000,3034.0000,20929600
7203,2026-09-18,3043.0000,3051.0000,2999.0000,3025.0000,46568200
7203,2026-09-24,3002.0000,3019.0000,2964.0000,2969.0000,33817300
7203,2026-09-25,2990.0000,3003.0000,2979.0000,2989.5000,21084000
7203,2026-09-28,3003.0000,3024.0000,2986.5000,2986.5000,26063800
7203,2026-09-29,2925.0000,2925.5000,2893.5000,2901.0000,8335900
7203,2026-09-30,2906.0000,2908.5000,2878.5000,2885.0000,4836500
7203,2026-10-01,2900.0000,2917.5000,2894.5000,2902.5000,4227700
7203,2026-10-02,2884.0000,2890.0000,2862.0000,2866.0000,8068800
7203,2026-10-05,2873.5000,2900.0000,2867.5000,2893.5000,23901000
7203,2026-10-06,2920.0000,2935.5000,2904.0000,2919.5000,7237300
7203,2026-10-07,2930.5000,2944.5000,2925.0000,2932.5000,4498500
7203,2026-10-08,2900.0000,2916.0000,2889.0000,2910.5000,5279000
9880,2026-03-03,116.7000,116.7000,107.0000,108.4000,9878597
9880,2026-03-04,107.9000,111.6000,106.0000,110.5000,8839670
9880,2026-03-05,114.0000,114.7000,108.4000,109.7000,8641684
9880,2026-03-06,109.3000,112.8000,108.2000,112.3000,6166369
9880,2026-03-09,106.5000,108.9000,103.8000,108.4000,8251656
9880,2026-03-10,111.2000,112.5000,109.1000,111.3000,6831004
9880,2026-03-11,112.4000,113.0000,108.7000,110.0000,4307713
9880,2026-03-12,110.0000,110.3000,105.6000,107.8000,5798077
9880,2026-03-13,107.7000,107.7000,101.9000,102.8000,9430596
9880,2026-03-16,102.8000,105.0000,99.0500,105.0000,6085551
9880,2026-03-17,106.8000,107.9000,103.7000,104.2000,4499119
9880,2026-03-18,104.6000,105.7000,102.3000,105.6000,3573522
9880,2026-03-19,103.0000,103.8000,101.0000,101.9000,4402148
9880,2026-03-20,101.3000,102.9000,97.2500,99.0000,8111035
9880,2026-03-23,96.3000,97.7500,91.0500,92.6000,12279373
9880,2026-03-24,94.7000,95.3000,90.5000,93.8000,6639824
9880,2026-03-25,94.2500,95.6000,92.5000,94.3000,5442534
9880,2026-03-26,95.0000,95.6500,89.5000,90.7500,6735935
9880,2026-03-27,88.8000,91.5500,88.0000,91.0000,4739517
9880,2026-03-30,87.4000,88.6000,85.7000,87.7000,5490137
9880,2026-03-31,87.8000,89.8500,84.6000,85.4000,5866910
9880,2026-04-01,92.4000,102.2000,91.0000,100.0000,22425807
9880,2026-04-02,101.2000,104.9000,99.4500,102.1000,12103498
9880,2026-04-08,106.9000,110.5000,106.1000,108.1000,10563554
9880,2026-04-09,107.1000,109.4000,105.4000,107.2000,5896190
9880,2026-04-10,109.2000,110.8000,107.6000,108.9000,6219769
9880,2026-04-13,107.6000,108.7000,104.2000,106.2000,4942161
9880,2026-04-14,108.1000,108.6000,105.4000,106.7000,4381803
9880,2026-04-15,108.5000,111.2000,107.9000,109.5000,4578426
9880,2026-04-16,110.1000,111.5000,109.0000,110.2000,4118808
9880,2026-04-17,109.8000,114.4000,109.4000,113.9000,5869248
9880,2026-04-20,114.3000,114.3000,108.5000,109.3000,6022902
9880,2026-04-21,110.5000,112.2000,108.2000,111.4000,3659454
9880,2026-04-22,110.3000,110.8000,105.6000,107.1000,4557864
9880,2026-04-23,107.8000,107.8000,103.9000,104.8000,4108249
9880,2026-04-24,104.8000,106.0000,100.5000,105.0000,4687028
9880,2026-04-27,106.1000,108.3000,104.2000,107.1000,3813277
9880,2026-04-28,107.7000,107.7000,102.7000,103.1000,2930712
9880,2026-04-29,103.2000,106.2000,102.3000,105.7000,3240329
9880,2026-04-30,105.7000,106.2000,103.6000,106.0000,3114922
9880,2026-05-04,106.9000,108.9000,106.0000,107.8000,1804659
9880,2026-05-05,107.9000,107.9000,103.2000,105.2000,997133
9880,2026-05-06,106.0000,108.6000,104.5000,105.5000,5262844
9880,2026-05-07,106.6000,111.1000,104.0000,109.8000,8722021
9880,2026-05-08,110.2000,117.7000,109.0000,113.4000,11374565
9880,2026-05-11,114.4000,114.9000,110.3000,113.5000,5033053
9880,2026-05-12,115.1000,115.3000,110.4000,111.0000,4590802
9880,2026-05-13,111.0000,114.2000,108.3000,112.8000,4603279
9880,2026-05-14,114.5000,115.0000,106.5000,107.0000,6166756
9880,2026-05-15,107.0000,114.9000,105.6000,110.6000,11197021
9880,2026-05-18,111.6000,114.4000,108.5000,113.1000,9948635
9880,2026-05-19,114.3000,116.4000,109.8000,110.8000,6519286
9880,2026-05-20,110.5000,112.7000,107.0000,110.1000,6072240
9880,2026-05-21,111.0000,116.8000,110.7000,112.5000,12046626
9880,2026-05-22,113.5000,124.9000,113.0000,123.9000,18114943
9880,2026-05-26,124.3000,125.0000,119.0000,120.9000,12669297
9880,2026-05-27,121.4000,125.0000,115.6000,117.8000,12914171
9880,2026-05-28,116.6000,117.4000,108.0000,109.8000,13111781
9880,2026-05-29,109.7000,111.4000,101.2000,102.2000,14953076
9880,2026-06-01,103.2000,110.1000,101.3000,106.9000,7802051
9880,2026-06-02,109.8000,116.5000,105.0000,114.3000,15859990
9880,2026-06-03,115.0000,117.2000,110.5000,111.4000,7270522
9880,2026-06-04,111.4000,114.9000,110.0000,110.4000,5086133
9880,2026-06-05,111.8000,116.0000,107.6000,110.3000,9483984
9880,2026-06-08,110.3000,121.3000,106.0000,117.7000,21898116
9880,2026-06-09,120.0000,121.3000,115.0000,116.7000,10443268
9880,2026-06-10,115.6000,115.6000,108.0000,112.4000,9819031
9880,2026-06-11,110.0000,110.0000,101.2000,104.7000,13564134
9880,2026-06-12,107.6000,110.1000,105.2000,106.8000,7748093
9880,2026-06-15,109.7000,115.4000,109.2000,113.5000,9020388
9880,2026-06-16,114.5000,114.5000,106.6000,107.4000,7224828
9880,2026-06-17,108.5000,109.7000,106.2000,108.2000,3574492
9880,2026-06-18,108.2000,110.7000,106.2000,108.3000,8184755
9880,2026-06-22,109.9000,109.9000,103.5000,105.0000,6727678
9880,2026-06-23,105.8000,106.0000,97.3500,98.0000,11400934
9880,2026-06-24,98.0000,99.9500,95.7500,96.7000,7924952
9880,2026-06-25,97.0500,98.6000,91.8500,92.8000,8579522
9880,2026-06-26,92.8000,93.0000,89.6000,90.0500,5953318
9880,2026-06-29,90.7000,96.6000,90.5000,95.6500,7426699
9880,2026-06-30,98.6000,113.6000,95.2000,102.8000,25862802
9880,2026-07-02,104.0000,105.9000,90.6000,92.6000,27773139
9880,2026-07-03,93.1000,109.6000,91.6500,108.9000,32650632
9880,2026-07-06,105.6000,105.9000,97.0000,98.0000,17130862
9880,2026-07-07,98.0000,99.9500,92.5000,93.3500,11430069
9880,2026-07-08,93.3500,93.3500,85.5000,88.3000,16616194
9880,2026-07-09,89.2000,90.3500,86.1500,87.7000,9795324
9880,2026-07-10,89.0000,90.7500,84.5000,85.0500,14283479
9880,2026-07-13,83.6000,86.1500,80.5500,82.8500,9509354
9880,2026-07-14,81.2000,84.2000,79.3000,83.5500,7249981
9880,2026-07-15,84.5000,86.7000,83.7500,85.7500,5077766
9880,2026-07-16,85.7500,89.5000,85.0000,88.7000,6972850
9880,2026-07-17,89.0500,89.5000,81.2500,85.7000,6822886
9880,2026-07-20,85.7000,85.7000,80.0000,82.1000,6373307
9880,2026-07-21,82.3500,84.9500,80.0000,83.8500,6276263
9880,2026-07-22,84.8000,85.9500,82.2000,83.4500,4405625
9880,2026-07-23,84.8000,84.9000,81.3500,82.1500,4715932
9880,2026-07-24,81.0000,81.1000,76.9000,78.6500,7276555
9880,2026-07-27,78.6000,79.2500,74.4000,78.6000,4799696
9880,2026-07-28,77.4500,80.1000,77.1000,80.1000,4270143
9880,2026-07-29,81.0000,83.3000,80.0000,81.5000,4259284
9880,2026-07-30,80.0000,80.1000,76.3000,77.7000,6427836
9880,2026-07-31,82.0000,83.3500,80.3000,81.5500,7784628
9880,2026-08-03,82.5000,85.2500,81.6000,85.0000,5356400
9880,2026-08-04,86.4000,87.1500,85.0000,86.9500,3721852
9880,2026-08-05,87.4500,89.0000,85.5500,88.9500,5305115
9880,2026-08-06,89.4000,89.4000,86.2500,86.7500,4214038
9880,2026-08-07,90.2500,90.8000,87.2000,90.0000,6654086
9880,2026-08-10,92.3500,92.9500,87.3500,88.6000,4682974
9880,2026-08-11,85.8000,91.8000,85.2000,89.6500,7066951
9880,2026-08-12,89.9500,90.9500,88.5500,90.8000,3725768
9880,2026-08-13,91.0500,93.9000,90.0500,90.9000,5362685
9880,2026-08-14,91.5000,91.6500,89.6500,90.8500,2728183
9880,2026-08-17,92.6000,93.3000,90.4500,92.7500,4221182
9880,2026-08-18,94.6000,95.4500,90.8000,94.8000,6244108
9880,2026-08-19,94.8000,94.8000,83.8000,85.5000,12203684
9880,2026-08-20,86.0500,86.1000,81.0500,81.2500,8601295
9880,2026-08-21,81.1000,84.2000,81.0000,83.9000,3708954
9880,2026-08-24,85.0000,85.0000,78.8000,79.6500,5546651
9880,2026-08-25,80.0000,81.4500,79.7000,81.4000,3283062
9880,2026-08-26,81.9000,84.3500,81.3000,81.7000,3769471
9880,2026-08-27,82.9000,83.0500,80.9000,82.9500,3011579
9880,2026-08-28,83.3500,83.7500,82.0000,83.5000,2990507
9880,2026-08-31,84.1000,85.3500,83.0000,84.8000,9744489
9880,2026-09-01,85.2000,85.4000,81.3500,81.5000,5666266
9880,2026-09-02,81.2000,81.2000,78.2500,79.1500,5375660
9880,2026-09-03,80.0000,82.2000,78.4500,79.1000,6339483
9880,2026-09-04,80.5000,85.6500,80.4000,85.6500,14062962
9880,2026-09-07,85.6500,89.0000,83.8000,85.5500,6485255
9880,2026-09-08,85.5500,88.4000,83.9000,84.6000,3157828
9880,2026-09-09,85.9000,86.1500,84.0500,85.5500,3446324
9880,2026-09-10,84.4000,84.8000,80.1500,80.6000,4892199
9880,2026-09-11,80.0000,80.0000,74.9000,77.9500,9363965
9880,2026-09-14,77.9500,80.7500,76.6500,78.9000,3777843
9880,2026-09-15,78.8500,79.2000,76.0000,76.7000,3375860
9880,2026-09-16,76.5500,77.8000,75.5000,77.4000,2533782
9880,2026-09-17,77.5500,79.3000,76.0500,79.3000,3753175
9880,2026-09-18,79.3000,82.3500,79.3000,80.8500,4801857
9880,2026-09-21,81.2500,81.9000,78.8500,80.3500,2866164
9880,2026-09-22,81.3000,81.9000,79.4000,80.0000,2283258
9880,2026-09-23,80.2000,80.2500,78.5000,79.0500,1561622
9880,2026-09-24,79.0500,80.3000,77.7000,78.2000,2539380
9880,2026-09-25,78.2000,78.5500,75.0000,76.7000,1648003
9880,2026-09-28,76.8000,77.9500,73.3000,73.7000,5031442
9880,2026-09-29,73.5000,73.5500,70.1500,72.7500,4123197
9880,2026-09-30,73.0000,74.4000,72.3000,74.3500,3298739
9880,2026-10-02,74.3500,74.4500,72.5000,73.5000,880245
9880,2026-10-05,74.4000,75.0000,73.3500,75.0000,942031
9880,2026-10-06,75.0000,75.2000,73.1000,75.0500,1262520
9880,2026-10-07,75.0000,75.0000,72.4500,74.4000,819568
9880,2026-10-08,73.2000,74.5000,70.8500,71.2500,2424369
9984,2026-02-27,4080.0000,4114.0000,4030.0000,4089.0000,41898300
9984,2026-03-02,4010.0000,4103.0000,3962.0000,4046.0000,33867000
9984,2026-03-03,4106.0000,4162.0000,3975.0000,3992.0000,37236900
9984,2026-03-04,3895.0000,3917.0000,3605.0000,3706.0000,59831100
9984,2026-03-05,3900.0000,4037.0000,3816.0000,3864.0000,45759900
9984,2026-03-06,3797.0000,3953.0000,3780.0000,3926.0000,37036500
9984,2026-03-09,3534.0000,3598.0000,3436.0000,3541.0000,58861800
9984,2026-03-10,3611.0000,3687.0000,3531.0000,3632.0000,47676800
9984,2026-03-11,3795.0000,3990.0000,3787.0000,3888.0000,52919900
9984,2026-03-12,3783.0000,3836.0000,3675.0000,3748.0000,40285000
9984,2026-03-13,3540.0000,3616.0000,3529.0000,3578.0000,41911500
9984,2026-03-16,3570.0000,3688.0000,3544.0000,3609.0000,34790800
9984,2026-03-17,3665.0000,3666.0000,3538.0000,3544.0000,34192500
9984,2026-03-18,3669.0000,3780.0000,3657.0000,3750.0000,35075000
9984,2026-03-19,3623.0000,3647.0000,3539.0000,3558.0000,35935700
9984,2026-03-23,3433.0000,3553.0000,3365.0000,3507.0000,43467400
9984,2026-03-24,3597.0000,3620.0000,3447.0000,3530.0000,35242200
9984,2026-03-25,3636.0000,3860.0000,3635.0000,3809.0000,56598700
9984,2026-03-26,4000.0000,4088.0000,3781.0000,3822.0000,70316200
9984,2026-03-27,3802.0000,4010.0000,3768.0000,3946.0000,66029500
9984,2026-03-30,3700.0000,3718.0000,3562.0000,3692.0000,65675000
9984,2026-03-31,3500.0000,3683.0000,3482.0000,3555.0000,47857500
9984,2026-04-01,3835.0000,3840.0000,3705.0000,3764.0000,49237100
9984,2026-04-02,3790.0000,3982.0000,3575.0000,3604.0000,68824100
9984,2026-04-03,3666.0000,3676.0000,3555.0000,3609.0000,32539500
9984,2026-04-06,3620.0000,3697.0000,3615.0000,3648.0000,28379500
9984,2026-04-07,3663.0000,3686.0000,3540.0000,3565.0000,33623300
9984,2026-04-08,3775.0000,3854.0000,3721.0000,3822.0000,51785400
9984,2026-04-09,3822.0000,3823.0000,3640.0000,3775.0000,45064100
9984,2026-04-10,3779.0000,3820.0000,3711.0000,3778.0000,46679400
9984,2026-04-13,3700.0000,3767.0000,3648.0000,3764.0000,29819900
9984,2026-04-14,3904.0000,4263.0000,3903.0000,4242.0000,93692500
9984,2026-04-15,4405.0000,4525.0000,4346.0000,4444.0000,91516800
9984,2026-04-16,4542.0000,4772.0000,4437.0000,4672.0000,95147700
9984,2026-04-17,4640.0000,4689.0000,4493.0000,4527.0000,47876600
9984,2026-04-20,4575.0000,4818.0000,4556.0000,4774.0000,60475300
9984,2026-04-21,4945.0000,5187.0000,4892.0000,5181.0000,96285800
9984,2026-04-22,5130.0000,5727.0000,5114.0000,5620.0000,154144000
9984,2026-04-23,6097.0000,6160.0000,5664.0000,5837.0000,136536800
9984,2026-04-24,6000.0000,6000.0000,5743.0000,5963.0000,87686800
9984,2026-04-27,6016.0000,6121.0000,5800.0000,5844.0000,99651700
9984,2026-04-28,5660.0000,5751.0000,5227.0000,5268.0000,97208200
9984,2026-04-30,4968.0000,5399.0000,4956.0000,5219.0000,101484400
9984,2026-05-01,5278.0000,5466.0000,5249.0000,5424.0000,72065400
9984,2026-05-07,6100.0000,6424.0000,5887.0000,6424.0000,119003600
9984,2026-05-08,6124.0000,6242.0000,6008.0000,6131.0000,80654100
9984,2026-05-11,6219.0000,6292.0000,5700.0000,5743.0000,83351500
9984,2026-05-12,5935.0000,6008.0000,5812.0000,5987.0000,57247600
9984,2026-05-13,5943.0000,6084.0000,5781.0000,6012.0000,46400500
9984,2026-05-14,6100.0000,6204.0000,5714.0000,5770.0000,69800200
9984,2026-05-15,5801.0000,6020.0000,5686.0000,5745.0000,69924000
9984,2026-05-18,5445.0000,5720.0000,5430.0000,5593.0000,48158000
9984,2026-05-19,5660.0000,5777.0000,5278.0000,5361.0000,53762700
9984,2026-05-20,5313.0000,5349.0000,4880.0000,5039.0000,71784000
9984,2026-05-21,5810.0000,6039.0000,5700.0000,6039.0000,73094900
9984,2026-05-22,6700.0000,6881.0000,6614.0000,6757.0000,103280800
9984,2026-05-25,6750.0000,7276.0000,6642.0000,7070.0000,91615400
9984,2026-05-26,7021.0000,8000.0000,7008.0000,7841.0000,111528500
9984,2026-05-27,8020.0000,8038.0000,7262.0000,7272.0000,103217400
9984,2026-05-28,7100.0000,7220.0000,6861.0000,7125.0000,79058300
9984,2026-05-29,7548.0000,7710.0000,7321.0000,7491.0000,81180100
9984,2026-06-01,7498.0000,8626.0000,7482.0000,8541.0000,100911200
9984,2026-06-02,9000.0000,9074.0000,8261.0000,8632.0000,132031000
9984,2026-06-03,8800.0000,8800.0000,8180.0000,8315.0000,73007300
9984,2026-06-04,8001.0000,8099.0000,7363.0000,7377.0000,76525600
9984,2026-06-05,7140.0000,7583.0000,7105.0000,7426.0000,62899400
9984,2026-06-08,6676.0000,7022.0000,6641.0000,6976.0000,64167800
9984,2026-06-09,7150.0000,7175.0000,6691.0000,7048.0000,67342100
9984,2026-06-10,6714.0000,6730.0000,6315.0000,6461.0000,65333800
9984,2026-06-11,6066.0000,6529.0000,5977.0000,6374.0000,65531700
9984,2026-06-12,6650.0000,6797.0000,6373.0000,6472.0000,75320600
9984,2026-06-15,7108.0000,7327.0000,7010.0000,7139.0000,71003100
9984,2026-06-16,7150.0000,7188.0000,6854.0000,7102.0000,61595400
9984,2026-06-17,6920.0000,6948.0000,6730.0000,6880.0000,48833800
9984,2026-06-18,7128.0000,7294.0000,7051.0000,7189.0000,64308700
9984,2026-06-19,7339.0000,7562.0000,7087.0000,7111.0000,79507100
9984,2026-06-22,7300.0000,7394.0000,7104.0000,7244.0000,44993100
9984,2026-06-23,6944.0000,6977.0000,6500.0000,6513.0000,52827500
9984,2026-06-24,6521.0000,6723.0000,6356.0000,6597.0000,45870800
9984,2026-06-25,6797.0000,7188.0000,6401.0000,7118.0000,83407000
9984,2026-06-26,6412.0000,6489.0000,6114.0000,6226.0000,71837400
9984,2026-06-29,6320.0000,6322.0000,5828.0000,5894.0000,61184900
9984,2026-06-30,5968.0000,6047.0000,5711.0000,5963.0000,59812900
9984,2026-07-01,6089.0000,6239.0000,5975.0000,6000.0000,40040700
9984,2026-07-02,5757.0000,6266.0000,5741.0000,6195.0000,73627900
9984,2026-07-03,6000.0000,6169.0000,5831.0000,6169.0000,52377700
9984,2026-07-06,6130.0000,6147.0000,5866.0000,5979.0000,33669700
9984,2026-07-07,5962.0000,6113.0000,5691.0000,5771.0000,45979200
9984,2026-07-08,5571.0000,5916.0000,5567.0000,5763.0000,41852300
9984,2026-07-09,5796.0000,5958.0000,5724.0000,5757.0000,41571500
9984,2026-07-10,6021.0000,6556.0000,6004.0000,6370.0000,72262000
9984,2026-07-13,6370.0000,6542.0000,6231.0000,6364.0000,47113500
9984,2026-07-14,6181.0000,6574.0000,6018.0000,6574.0000,62130200
9984,2026-07-15,6450.0000,6660.0000,6311.0000,6360.0000,47455200
9984,2026-07-16,6123.0000,6145.0000,5858.0000,5961.0000,46792100
9984,2026-07-17,5663.0000,5676.0000,5191.0000,5424.0000,70204200
9984,2026-07-21,5524.0000,5789.0000,5364.0000,5751.0000,51208900
9984,2026-07-22,5929.0000,6032.0000,5690.0000,5703.0000,41519000
9984,2026-07-23,5846.0000,5928.0000,5687.0000,5918.0000,38653800
9984,2026-07-24,5800.0000,5800.0000,5411.0000,5500.0000,43229200
9984,2026-07-27,5584.0000,5671.0000,5219.0000,5331.0000,50264400
9984,2026-07-28,5202.0000,5270.0000,4982.0000,5095.0000,59274300
9984,2026-07-29,5083.0000,5130.0000,4580.0000,4741.0000,69277000
9984,2026-07-30,4526.0000,4755.0000,4500.0000,4622.0000,55968200
9984,2026-07-31,5303.0000,5322.0000,5228.0000,5260.0000,55655400
9984,2026-08-03,5255.0000,5430.0000,5061.0000,5393.0000,53749700
9984,2026-08-04,5418.0000,5530.0000,5118.0000,5228.0000,51829100
9984,2026-08-05,5628.0000,5958.0000,5605.0000,5958.0000,59361000
9984,2026-08-06,5760.0000,5881.0000,5542.0000,5695.0000,46955700
9984,2026-08-07,5557.0000,5594.0000,5321.0000,5552.0000,40103100
9984,2026-08-10,5491.0000,5569.0000,5388.0000,5484.0000,28638800
9984,2026-08-12,5484.0000,5554.0000,5416.0000,5520.0000,25407600
9984,2026-08-13,5607.0000,5682.0000,5568.0000,5575.0000,26746800
9984,2026-08-14,5834.0000,5970.0000,5730.0000,5739.0000,41591000
9984,2026-08-17,5750.0000,5915.0000,5653.0000,5886.0000,26818700
9984,2026-08-18,5801.0000,6230.0000,5781.0000,5830.0000,53888100
9984,2026-08-19,5530.0000,5573.0000,5200.0000,5227.0000,50018700
9984,2026-08-20,5280.0000,5520.0000,5231.0000,5387.0000,35237900
9984,2026-08-21,5248.0000,5357.0000,5223.0000,5255.0000,28825800
9984,2026-08-24,5240.0000,5259.0000,4975.0000,4975.0000,35119500
9984,2026-08-25,4950.0000,5090.0000,4882.0000,5087.0000,28458400
9984,2026-08-26,5138.0000,5235.0000,5043.0000,5163.0000,32658800
9984,2026-08-27,5300.0000,5335.0000,5074.0000,5200.0000,32881000
9984,2026-08-28,5249.0000,5263.0000,5136.0000,5161.0000,29059000
9984,2026-08-31,4900.0000,5213.0000,4883.0000,5200.0000,32907900
9984,2026-09-01,5178.0000,5310.0000,5068.0000,5262.0000,26798300
9984,2026-09-02,5026.0000,5056.0000,4911.0000,4924.0000,34597500
9984,2026-09-03,4980.0000,5080.0000,4933.0000,5001.0000,34349100
9984,2026-09-04,5197.0000,5611.0000,5181.0000,5590.0000,77803600
9984,2026-09-07,5842.0000,6217.0000,5814.0000,6217.0000,83638700
9984,2026-09-08,6125.0000,6745.0000,6111.0000,6556.0000,110691100
9984,2026-09-09,6600.0000,6959.0000,6560.0000,6810.0000,104883900
9984,2026-09-10,6630.0000,6894.0000,6605.0000,6810.0000,83731600
9984,2026-09-11,6410.0000,6555.0000,6358.0000,6540.0000,69041500
9984,2026-09-14,5887.0000,5953.0000,5678.0000,5839.0000,66654500
9984,2026-09-15,5828.0000,6398.0000,5775.0000,6279.0000,80534700
9984,2026-09-16,6277.0000,6279.0000,5962.0000,6183.0000,67198800
9984,2026-09-17,6283.0000,6388.0000,6155.0000,6247.0000,62284400
9984,2026-09-18,6400.0000,6590.0000,6267.0000,6315.0000,90291700
9984,2026-09-24,6588.0000,6793.0000,6300.0000,6352.0000,85807300
9984,2026-09-25,6180.0000,6242.0000,6040.0000,6150.0000,62333000
9984,2026-09-28,6210.0000,6409.0000,6178.0000,6244.0000,59549300
9984,2026-09-29,6139.0000,6362.0000,5931.0000,6035.0000,64169100
9984,2026-09-30,6335.0000,6477.0000,6225.0000,6430.0000,65194500
9984,2026-10-01,6402.0000,6739.0000,6393.0000,6701.0000,62265600
9984,2026-10-02,6649.0000,6695.0000,6247.0000,6310.0000,59835800
9984,2026-10-05,6476.0000,6570.0000,6400.0000,6497.0000,56205300
9984,2026-10-06,6420.0000,6432.0000,6271.0000,6295.0000,39298800
9984,2026-10-07,6325.0000,6426.0000,6301.0000,6310.0000,32914500
9984,2026-10-08,6335.0000,6367.0000,6047.0000,6060.0000,29256400
AAOI,2026-09-15,96.9900,99.7900,95.0800,95.2900,4569715
AAOI,2026-09-21,108.2000,109.7297,104.9200,108.6700,7972045
AAOI,2026-09-24,98.9300,103.5800,97.5900,101.0300,5489395
AAOI,2026-09-29,98.7700,103.8300,97.4300,100.6700,7248802
AAOI,2026-10-05,118.5000,121.9150,112.8000,121.5700,9111885
AAOI,2026-10-07,126.1200,127.8900,119.7300,122.5400,10765723
AAPL,2026-09-15,330.1350,331.7800,328.3500,331.3400,31398037
AAPL,2026-09-21,335.2800,339.6400,333.0500,338.9800,34441530
AAPL,2026-09-30,330.8000,339.5000,330.1401,333.0200,49067551
AAPL,2026-10-05,332.8150,336.2100,331.6500,332.8900,32154770
ABT,2026-09-15,102.9800,103.0600,101.4700,102.0300,7417090
ABT,2026-09-21,102.2700,103.2000,101.8400,102.9800,4922469
ABT,2026-09-30,100.5700,100.6300,98.7200,98.8300,7468722
ABT,2026-10-05,97.8400,100.7000,97.3900,100.1000,11940900
ALAB,2026-09-15,259.4500,263.5578,251.6250,252.5400,2998835
ALAB,2026-09-21,309.2000,343.0000,308.3400,340.7400,6102195
ALAB,2026-09-30,359.7100,363.0000,343.3800,355.9700,3251726
ALAB,2026-10-05,354.2000,365.2350,346.3200,362.3400,3232263
AMZN,2026-09-15,252.2400,253.2700,247.2200,248.4200,35540955
AMZN,2026-09-21,256.4000,259.4900,253.6000,258.4500,40706010
AMZN,2026-09-30,246.7900,252.4400,246.0800,249.1500,41247381
AMZN,2026-10-05,250.1900,254.5262,250.1800,251.4000,37392408
ANET,2026-09-15,191.8850,194.6864,190.8600,192.8400,4831131
ANET,2026-09-21,203.4700,205.9500,200.7450,205.4200,4911595
ANET,2026-09-30,204.2400,207.4300,203.0900,203.5900,4843174
ANET,2026-10-05,207.7600,208.9100,204.5000,206.9000,3490843
ATI,2026-09-15,191.3700,192.2700,182.6300,186.6900,1849497
ATI,2026-09-21,191.8200,193.1700,187.2500,189.1600,1648482
ATI,2026-09-30,188.2400,190.1800,183.0600,189.4000,1455062
ATI,2026-10-05,192.3200,196.0900,189.2450,193.0900,1528936
AVAV,2026-09-15,152.2700,159.8000,147.6663,156.9900,2488870
AVAV,2026-09-21,161.2750,165.0000,160.0601,160.9000,1037746
AVAV,2026-09-30,143.5200,145.4812,142.0200,142.2200,1175841
AVAV,2026-10-05,142.2800,143.5000,138.7000,139.3000,1293301
AVGO,2026-09-15,346.0400,347.2599,337.9000,339.2700,23202763
AVGO,2026-09-21,358.6550,363.9700,353.5000,362.6600,25817040
AVGO,2026-09-30,356.9000,357.9000,350.6900,351.1900,18310534
AVGO,2026-10-05,357.7900,363.8650,356.1400,362.5100,20428641
BE,2026-09-16,268.2400,275.1800,261.8101,270.0200,13172896
BE,2026-09-21,270.0000,282.0000,265.3600,272.8900,14344930
BE,2026-09-30,296.0600,300.4600,276.9000,276.9800,14561889
BE,2026-10-05,289.9900,291.9600,282.3400,286.6500,6832816
BEAM,2026-09-16,23.4100,23.6500,22.6700,23.1000,1815604
BEAM,2026-09-21,25.4500,25.6600,24.8300,25.2600,1698851
BEAM,2026-09-30,24.7900,25.2000,24.4100,24.4500,1555391
BEAM,2026-10-05,24.4800,26.0400,23.8300,25.6700,1997436
BKR,2026-09-16,56.3300,57.2300,55.4400,56.3200,9540430
BKR,2026-09-21,57.1700,58.2000,56.6000,57.8300,7720642
BKR,2026-09-25,56.8900,57.9000,56.7500,57.8300,6416046
BKR,2026-09-30,56.1850,56.4700,54.7900,54.9000,8343765
BWXT,2026-09-16,146.5700,147.8680,144.3300,145.6600,1012413
BWXT,2026-09-21,149.1100,150.0000,146.3800,147.4700,962955
BWXT,2026-09-25,139.0000,140.6450,136.5000,138.4700,1020774
BWXT,2026-09-30,139.5500,140.0450,134.1200,137.0000,1426345
CCJ,2026-09-16,92.5500,92.9299,89.7400,90.9000,1899136
CCJ,2026-09-21,93.3000,94.6600,91.6450,93.2300,3014036
CCJ,2026-09-25,88.7000,89.3199,87.7900,88.0700,1938317
CCJ,2026-09-30,87.7900,89.9200,86.6000,86.6700,2932911
COHR,2026-09-16,280.5600,294.5552,278.0100,289.9300,6972544
COHR,2026-09-21,326.4800,332.8600,316.6350,321.5200,7341403
COHR,2026-09-25,297.9200,301.7700,290.2800,295.8300,4618985
COHR,2026-09-30,294.6600,299.5000,282.2500,287.8100,5312580
COIN,2026-09-16,172.5000,174.0000,161.1800,164.5100,13669406
COIN,2026-09-21,205.1900,208.3300,200.6500,201.0500,14390717
COIN,2026-09-25,199.1600,199.7500,192.5800,195.1100,6153673
COIN,2026-09-30,195.5000,198.6590,184.2900,186.4100,8297192
CRCL,2026-09-16,85.7150,85.9600,78.2600,80.4500,25340332
CRCL,2026-09-21,98.0900,99.9700,93.1200,94.4900,15863312
CRCL,2026-09-25,92.0000,92.2100,87.5900,89.0000,10639731
CRCL,2026-09-30,85.7200,86.9500,82.1100,82.1700,8493907
CRSP,2026-09-16,52.1600,53.6700,51.8300,52.2100,2662367
CRSP,2026-09-21,57.9800,59.2400,56.8666,58.3300,1812980
CRSP,2026-09-25,56.1400,56.3900,53.9200,54.2300,991959
CRSP,2026-09-30,56.5500,57.1100,55.2800,55.3200,1164584
CRWD,2026-09-11,208.0350,213.1900,204.4400,206.7400,6649473
CRWD,2026-09-16,236.9200,245.1900,235.6500,241.3600,11670553
CRWD,2026-09-21,231.6200,250.3100,230.8500,249.3500,13204947
CRWD,2026-09-25,259.5300,259.8600,251.5400,252.1300,7466001
CRWD,2026-09-30,264.2700,268.9500,261.5820,264.7500,8746064
ENPH,2026-09-11,36.9900,37.7400,36.3100,36.3500,3113975
ENPH,2026-09-16,37.1500,37.1500,34.9100,35.5600,3839042
ENPH,2026-09-21,34.6400,34.9850,33.5600,34.7600,5289806
ENPH,2026-09-25,33.0200,33.2200,32.3450,32.4000,4134599
ENPH,2026-09-30,32.3800,33.9000,32.0811,32.9900,5562381
ETN,2026-09-11,415.4000,427.1400,414.0000,425.3700,1631411
ETN,2026-09-16,397.6500,403.3225,393.6000,397.8000,1809371
ETN,2026-09-25,444.4000,447.3300,436.1751,439.9800,1410301
ETN,2026-09-30,434.0000,434.7500,428.0000,429.7100,1861683
FORM,2026-09-11,113.6800,117.1200,112.9400,114.9500,870563
FORM,2026-09-16,105.0000,106.1250,103.1300,104.8200,598050
FORM,2026-09-25,130.8500,133.0600,128.2163,129.6900,882326
FORM,2026-10-01,149.4500,149.7000,145.0700,148.4400,1198021
GLW,2026-09-11,165.5000,168.8200,163.7500,166.4000,4893865
GLW,2026-09-16,147.2200,147.8600,142.3500,144.1600,8197422
GLW,2026-09-25,156.0000,157.7200,154.2000,156.7400,5367863
GLW,2026-10-01,153.8900,160.9900,151.1500,160.4200,7783166
GOOGL,2026-09-11,335.0300,342.9800,335.0300,338.5000,24708293
GOOGL,2026-09-16,347.0800,348.4000,340.6400,342.8700,18364252
GOOGL,2026-09-25,342.3500,347.0300,341.1100,343.9200,21247821
GOOGL,2026-10-01,350.7850,353.2200,335.5108,338.2400,33074510
HOOD,2026-09-11,113.3500,116.4000,111.0200,112.5700,19731093
HOOD,2026-09-16,110.2700,111.0500,101.7045,104.4200,33347851
HOOD,2026-09-25,121.6300,121.9000,117.5300,119.4000,13821206
HOOD,2026-10-01,112.0700,113.8100,110.6600,111.1500,18028777
INSM,2026-09-11,127.9800,130.2500,126.5200,129.4100,1698268
INSM,2026-09-16,120.0000,124.4100,119.5500,122.5800,1433534
INSM,2026-09-25,121.8700,122.9000,115.8700,117.8300,2672619
INSM,2026-10-01,114.6800,116.1900,108.4800,108.5900,2645544
IONQ,2026-09-11,37.2300,37.9400,36.3321,36.7500,15395467
IONQ,2026-09-16,36.9800,37.6500,36.0601,36.8400,15657916
IONQ,2026-09-25,44.7000,46.5499,44.1200,45.4800,27311759
IONQ,2026-10-01,43.9500,45.0899,43.5500,43.9900,17070921
ISRG,2026-09-29,411.9000,414.2043,407.0700,412.1800,1877308
ISRG,2026-10-05,389.7600,407.6300,389.1100,406.4800,1657557
ISRG,2026-10-07,405.0700,416.8100,404.2000,414.5200,1896441
JNJ,2026-09-11,268.0300,270.4000,265.2500,265.5800,4706291
JNJ,2026-09-16,266.8100,268.6500,266.2950,267.2800,4811353
JNJ,2026-09-25,271.7000,272.2459,269.2573,271.2200,4058873
JNJ,2026-10-01,263.6800,263.9750,258.3300,258.6600,8152570
JPM,2026-09-11,358.3200,360.0500,354.7900,356.2300,5355273
JPM,2026-09-16,353.3800,355.6000,344.6850,348.9200,7960915
JPM,2026-09-25,340.7650,343.3100,338.6400,343.0600,9834441
JPM,2026-10-01,328.7500,333.5800,325.8700,333.1800,8034705
LEU,2026-09-11,165.0100,167.4900,152.1200,152.3100,1105739
LEU,2026-09-17,143.2500,151.7250,141.2001,149.8500,839703
LEU,2026-09-25,148.2700,150.1700,146.7750,147.0700,392703
LEU,2026-10-01,139.0000,140.6800,135.7450,139.1100,538976
LHX,2026-09-11,250.5700,251.8511,244.7600,245.5400,1924090
LHX,2026-09-17,251.0000,252.0850,246.6300,250.4600,1902929
LHX,2026-09-25,238.1100,240.9800,236.7900,237.6900,1625446
LHX,2026-10-01,236.7200,239.2400,236.0700,238.4000,1180098
LLY,2026-09-11,1129.4050,1131.4400,1113.2919,1115.7000,1838397
LLY,2026-09-17,1150.2700,1159.7500,1138.2600,1152.4400,1879866
LLY,2026-09-28,1180.3000,1194.0900,1172.5600,1184.7800,1965959
LLY,2026-10-01,1155.0000,1158.7200,1139.8500,1149.8500,2169027
LLY,2026-10-07,1173.6200,1206.6300,1166.0000,1188.7200,2293815
MDT,2026-09-11,93.0000,93.0000,90.2600,90.9600,5408612
MDT,2026-09-17,92.6300,93.4300,92.2100,92.7700,10011169
MDT,2026-09-28,88.3150,89.5300,87.5200,89.5000,22521618
MDT,2026-10-01,85.8500,86.8400,85.2200,86.4400,28588633
MDT,2026-10-07,87.4000,88.1900,85.4250,85.5100,55889796
MP,2026-09-11,51.1000,51.7400,50.3300,50.5100,4878121
MP,2026-09-17,50.4200,50.5100,49.2201,49.3800,4021993
MP,2026-09-28,47.6800,47.8308,46.3100,46.4500,5252707
MP,2026-10-01,46.5100,46.8943,44.4900,46.0900,6798890
MP,2026-10-07,47.0000,47.1150,45.5800,46.3100,5923413
MRK,2026-09-11,145.5200,145.9000,143.6800,143.9300,8679443
MRK,2026-09-17,145.7400,147.6500,145.3230,147.1500,9546310
MRK,2026-09-28,147.6500,149.1900,146.2800,148.6900,7522302
MRK,2026-10-01,144.7100,145.3880,143.2600,143.8100,7852187
MRK,2026-10-07,142.0250,144.1450,141.4900,142.7900,6347634
MRVL,2026-09-11,234.6300,240.2000,229.2800,236.1000,17310207
MRVL,2026-09-17,240.0700,247.8900,240.0000,240.7600,20546650
MRVL,2026-09-28,259.6500,261.7814,248.1415,251.9000,16218205
MRVL,2026-10-01,265.0950,270.2799,257.5800,268.0800,17659643
MRVL,2026-10-07,281.3000,287.0300,276.5000,284.6800,23631144
MSFT,2026-09-11,495.6500,498.9700,492.5800,495.6300,14518435
MSFT,2026-09-17,497.7950,501.4700,493.1700,497.7500,17640867
MSFT,2026-09-28,505.4700,513.3300,502.2200,509.2200,19539839
MSFT,2026-10-01,519.8800,522.8500,512.1700,512.8000,18890733
MSFT,2026-10-07,530.7250,531.7300,524.6900,529.7600,16029088
MUFG,2026-09-11,23.9000,23.9750,23.7350,23.8900,3410359
MUFG,2026-09-17,23.5400,23.6300,23.3800,23.5000,2658447
MUFG,2026-09-28,23.5000,23.5850,23.3300,23.3700,2249909
MUFG,2026-10-01,22.5900,22.6600,22.2050,22.6200,4880203
MUFG,2026-10-07,22.7400,22.7600,22.4600,22.6500,2801268
NEE,2026-09-14,82.6300,82.7300,81.5100,81.6300,10941518
NEE,2026-09-17,80.8300,81.3700,80.4200,81.2800,8932563
NEE,2026-09-28,76.0300,76.2200,75.1500,75.4900,13631429
NEE,2026-10-01,75.5000,76.5300,74.4100,76.3500,17007871
NEE,2026-10-07,78.1550,78.1550,76.5050,77.0600,10559425
NRIX,2026-09-14,25.0100,26.1400,24.9450,25.5200,1330847
NRIX,2026-09-17,25.7900,26.3500,25.3700,25.5000,1511894
NRIX,2026-09-28,22.8600,23.6900,22.4100,23.6700,1475735
NRIX,2026-10-01,23.6000,23.9850,23.2100,23.3400,1020526
NRIX,2026-10-07,22.4300,23.1000,22.1800,22.7300,1508783
NTRA,2026-09-14,327.9100,343.0000,327.1509,341.7900,1009372
NTRA,2026-09-17,350.5000,366.7000,348.2600,366.3100,1965691
NTRA,2026-09-23,386.9400,394.8600,384.9600,390.7900,1677179
NTRA,2026-09-28,409.0200,417.3750,406.2950,411.7700,1627321
NTRA,2026-10-01,413.3100,423.4282,407.3700,408.4700,1858338
NTRA,2026-10-07,393.0200,401.0900,383.4500,395.5600,2816079
NTSK,2026-09-14,15.0500,17.4400,15.0500,17.0000,13455755
NTSK,2026-09-17,17.1200,17.6300,16.8200,17.2100,7300567
NTSK,2026-09-23,18.5750,18.9600,18.3300,18.5700,5768610
NTSK,2026-09-28,17.1400,18.0250,17.1000,17.8500,4676073
NTSK,2026-10-02,17.9200,18.5000,17.6750,17.7500,4823163
NTSK,2026-10-07,19.4800,19.6150,19.0500,19.2400,4490701
NVTS,2026-09-14,10.6500,11.1600,10.5505,10.8900,10881296
NVTS,2026-09-17,10.9700,11.3000,10.8000,11.1400,10493443
NVTS,2026-09-23,12.3800,12.4591,11.7700,11.8400,8639465
NVTS,2026-09-28,12.1000,12.1800,11.6000,11.7300,13241690
NVTS,2026-10-02,12.5300,13.1950,12.2300,12.4000,24629172
NVTS,2026-10-07,11.6650,11.7334,11.1150,11.3000,18159938
OII,2026-09-14,50.4100,50.4100,46.1550,46.5600,1094329
OII,2026-09-17,47.0000,47.5700,46.0100,46.2000,790976
OII,2026-09-23,46.3500,46.4900,45.3650,46.2400,416025
OII,2026-09-28,46.6600,47.0100,45.6700,45.8400,537534
OII,2026-10-02,44.2200,45.1400,43.8600,44.3200,587448
OII,2026-10-07,44.8100,45.1300,43.6400,43.7000,889343
OKLO,2026-09-14,34.9500,36.9900,34.3800,36.2100,11240154
OKLO,2026-09-17,36.9800,40.6500,36.6200,39.6500,17111028
OKLO,2026-09-23,40.2100,40.3675,38.7600,38.8200,7245978
OKLO,2026-09-28,37.2000,38.0800,36.9100,37.1100,6402149
OKLO,2026-10-02,37.3000,37.4600,35.6500,35.8700,9443903
OKLO,2026-10-07,37.1100,37.3900,35.9700,36.8200,11376250
ON,2026-09-14,72.3810,73.1400,71.4600,71.6500,12133362
ON,2026-09-17,68.1250,69.8000,66.0500,68.3000,16596204
ON,2026-09-23,73.7700,74.4800,72.2100,74.1000,9133230
ON,2026-09-28,77.0000,77.2100,74.1100,75.6500,10369296
ON,2026-10-02,84.7500,86.4500,82.9600,84.8900,22879161
ON,2026-10-07,84.2100,85.2100,82.0500,82.5100,12956433
ORCL,2026-09-14,141.4200,145.3300,141.0100,144.7900,41806340
ORCL,2026-09-17,146.7500,152.0000,146.1500,150.5900,26281800
ORCL,2026-09-23,148.3000,148.6620,144.2300,144.5600,22006018
ORCL,2026-09-28,132.7250,135.6900,131.5800,132.6000,31519698
ORCL,2026-10-02,142.0900,144.8600,140.2600,142.3000,30145472
ORCL,2026-10-07,142.5400,144.7000,141.3700,143.5600,14797326
PANW,2026-09-14,346.4850,378.6000,340.2501,373.9400,11834326
PANW,2026-09-17,365.4650,383.1200,360.6600,375.0600,6266511
PANW,2026-09-23,379.8000,393.5200,374.2000,393.3000,6193362
PANW,2026-09-28,370.6100,394.5000,367.2678,392.0900,5987591
PANW,2026-10-02,403.4400,409.5000,399.9500,403.2400,4825654
PANW,2026-10-07,413.4100,416.6049,404.6309,405.5700,3885346
PATH,2026-09-14,14.1900,14.9400,13.9900,14.6600,60425800
PATH,2026-09-17,13.4650,14.0350,13.4000,13.7600,56115095
PATH,2026-09-23,13.2350,13.3700,12.6550,13.0400,54289316
PATH,2026-09-28,11.9900,12.3550,11.5700,12.1900,49243194
PATH,2026-10-02,13.4150,13.4200,13.0200,13.1200,19663844
PATH,2026-10-07,13.1300,13.2100,12.9350,13.0700,22639761
PFE,2026-09-14,28.0800,28.1900,27.6850,27.7200,27335686
PFE,2026-09-18,27.6400,27.6600,27.3400,27.6600,73578096
PFE,2026-09-23,27.9600,28.2300,27.8400,28.1800,32187408
PFE,2026-09-28,28.6200,28.8700,28.3900,28.7200,24672991
PFE,2026-10-02,28.1450,28.1600,27.4400,27.8000,34907569
PFE,2026-10-07,27.6200,28.1700,27.5500,28.0000,30161088
PLTR,2026-09-14,169.6950,174.3599,166.4200,173.3100,28811056
PLTR,2026-09-18,177.1800,177.7500,172.0000,177.6400,39084305
PLTR,2026-09-23,186.2900,193.7900,182.9400,191.7900,34666771
PLTR,2026-09-28,186.2310,190.2500,185.6200,187.4800,17358416
PLTR,2026-10-02,193.0300,194.7800,188.2600,188.7500,17704644
PLTR,2026-10-07,192.7050,194.7000,190.1120,194.1200,15656221
PLUG,2026-09-14,2.0300,2.1100,2.0200,2.0600,52724147
PLUG,2026-09-18,2.1300,2.1700,2.0201,2.0900,54893954
PLUG,2026-09-23,2.1200,2.1200,2.0300,2.0400,41036408
PLUG,2026-09-29,1.9100,1.9400,1.8800,1.9100,52484550
PLUG,2026-10-02,1.9300,1.9500,1.8800,1.9000,36613649
PLUG,2026-10-07,1.8100,1.8200,1.7500,1.7800,48153308
PSNL,2026-09-14,16.1500,16.4000,16.0500,16.2900,1690001
PSNL,2026-09-18,16.3000,16.4400,16.1202,16.4000,3162423
PSNL,2026-09-23,16.1600,16.4200,16.0900,16.3500,1092099
PSNL,2026-09-29,16.2500,16.4700,16.0800,16.3500,1037828
PSNL,2026-10-02,16.3800,16.4400,16.1200,16.2800,1114599
PSNL,2026-10-07,15.7750,16.1000,15.6800,16.0000,3818003
PTC,2026-09-14,134.3100,137.7450,133.9000,136.6500,1365400
PTC,2026-09-18,134.3100,136.1750,132.7500,135.8900,5813215
PTC,2026-09-23,140.8100,142.8100,138.5000,140.4000,2086405
PTC,2026-09-29,137.8700,138.8600,134.3106,137.5600,1205432
PTC,2026-10-02,148.0250,148.0250,143.5100,144.0300,1120022
PTC,2026-10-07,193.2000,194.1300,192.9400,193.6000,7518927
QBTS,2026-09-14,16.0950,17.3000,16.0800,16.8300,11529804
QBTS,2026-09-18,18.0800,18.1000,16.5500,17.1100,19004426
QBTS,2026-09-23,18.9300,18.9300,16.7450,16.8100,28446204
QBTS,2026-09-29,17.1100,17.2100,16.3650,16.4300,14281062
QBTS,2026-10-02,16.9990,17.0000,15.7400,15.7700,19957688
QBTS,2026-10-07,15.3600,15.4800,14.9800,15.2200,14389278
QCOM,2026-09-14,170.7800,181.7100,170.5100,180.1500,13635876
QCOM,2026-09-18,191.3400,192.1200,175.9700,177.7200,54297545
QCOM,2026-09-23,199.6130,199.6130,193.2200,197.2400,9678166
QCOM,2026-09-29,189.4800,190.0300,182.2300,184.1000,9944381
QCOM,2026-10-02,186.7150,188.9500,183.3600,184.8700,10076652
QCOM,2026-10-07,178.9200,179.8200,175.3505,177.1200,7910670
QS,2026-09-14,5.1300,5.2500,5.1200,5.2000,10469014
QS,2026-09-18,5.2400,5.3000,4.9600,5.0250,14174566
QS,2026-09-23,5.0300,5.0800,4.9000,4.9100,10706773
QS,2026-09-29,4.6450,4.7250,4.5500,4.5900,11489519
QS,2026-10-02,4.7500,4.7500,4.5500,4.5700,11493638
QS,2026-10-07,4.5600,4.5750,4.4550,4.5200,11270190
RGTI,2026-09-14,14.5500,15.5950,14.5220,15.2700,12940121
RGTI,2026-09-18,16.2500,16.3200,15.0900,15.7600,19080437
RGTI,2026-09-23,17.6250,17.6600,15.9700,16.0050,27109718
RGTI,2026-09-29,16.3800,16.4250,15.7300,15.7400,12971399
RGTI,2026-10-02,16.0550,16.1050,15.1500,15.2500,13604108
RGTI,2026-10-07,14.7450,14.8900,14.4500,14.5900,13739212
RKLB,2026-09-15,63.6800,65.7200,62.0200,63.5500,20238270
RKLB,2026-09-18,68.4300,68.6400,63.7900,64.5700,32056504
RKLB,2026-09-23,72.8700,73.5700,70.0800,70.3100,19038486
RKLB,2026-09-29,73.4700,74.2500,69.4000,69.7000,18508293
RKLB,2026-10-02,72.0850,76.0899,71.4500,73.9200,26661557
RKLB,2026-10-07,73.1150,73.1600,70.6300,71.9200,20500741
RMBS,2026-09-15,81.6800,83.3300,80.8101,83.1100,2108302
RMBS,2026-09-18,87.4800,87.9400,84.8300,87.6000,10874286
RMBS,2026-09-23,105.0800,106.5600,100.4200,103.4700,2970319
RMBS,2026-09-29,104.5700,104.8700,101.6500,103.1200,1285103
RMBS,2026-10-02,110.9700,113.2800,110.2048,111.9700,1258338
RMBS,2026-10-07,110.9400,112.2700,109.2500,111.4800,1070898
RVMD,2026-09-15,206.9800,207.0000,200.2400,204.8600,1224594
RVMD,2026-09-18,197.0000,197.1000,188.1800,190.9500,5819812
RVMD,2026-09-24,190.1500,201.2800,189.8400,199.8600,4052308
RVMD,2026-09-29,201.4100,204.9600,200.0000,204.4800,1707541
RVMD,2026-10-02,205.8900,208.8200,204.0700,206.6400,1570170
RVMD,2026-10-07,198.1800,203.5000,196.2500,200.8700,1185197
SOFI,2026-09-15,17.5000,17.5900,16.9400,17.0700,49573302
SOFI,2026-09-18,16.8300,17.0600,16.6600,16.9600,43965081
SOFI,2026-09-24,16.5000,16.8700,16.2000,16.8000,49599334
SOFI,2026-09-29,16.1050,16.2100,15.8600,15.9100,35595510
SOFI,2026-10-05,15.7700,16.1900,15.7400,15.9200,42645296
SOFI,2026-10-07,15.5600,15.6900,15.4509,15.6600,32992213
SPCX,2026-09-15,148.4450,148.5450,142.8721,143.4900,71375898
SPCX,2026-09-18,154.6000,156.6000,149.9300,152.7100,333658937
SPCX,2026-09-24,148.2000,149.0000,145.8800,148.0300,72415578
SPCX,2026-09-29,146.6750,150.0600,145.4700,149.2400,79601369
SPCX,2026-10-05,158.9850,172.4700,158.6200,171.0900,133091805
SPCX,2026-10-07,168.1250,171.3100,165.6500,167.6000,77473018
TEM,2026-09-15,61.9050,68.9390,61.8800,68.8500,8178331
TEM,2026-09-18,81.4000,81.8300,75.9900,77.8400,9297600
TEM,2026-09-24,75.6900,82.4600,74.8100,82.2400,10768664
TEM,2026-09-29,85.4850,89.0900,81.7800,82.5800,6267143
TEM,2026-10-05,76.6800,84.0100,76.1700,83.5500,6972638
TEM,2026-10-07,70.1000,73.0900,68.6601,70.3500,9013652
TENB,2026-09-15,34.0200,38.8900,34.0100,38.0900,7346598
TENB,2026-09-18,36.0600,36.3800,34.8700,35.4300,5659148
TENB,2026-09-24,36.2300,36.6815,35.7700,35.8800,1828002
TENB,2026-09-29,34.3400,35.0550,33.9000,34.9900,2075549
TENB,2026-10-05,36.9600,38.7300,36.8000,38.5100,3447997
TENB,2026-10-07,39.3800,39.6850,38.3300,38.9400,2883976
TSLA,2026-09-15,358.7500,362.3900,354.0500,356.5800,30183516
TSLA,2026-09-18,369.0000,370.9000,360.7510,364.2700,51690418
TSLA,2026-09-24,377.3500,383.3324,375.7000,377.9400,25875464
TSLA,2026-09-29,358.4000,358.7400,351.6700,352.8400,31631375
TSLA,2026-10-05,369.0000,381.5900,364.9100,378.7300,40430177
TSLA,2026-10-07,378.4450,382.3499,374.4300,377.8100,25594563
TWST,2026-09-15,134.0400,138.9300,131.5400,138.1000,1287374
TWST,2026-09-18,158.0400,167.0500,156.1600,166.9900,3066995
TWST,2026-09-24,157.7200,185.2200,156.8300,184.0300,3433447
TWST,2026-09-29,179.9000,190.7600,179.7250,186.1300,3224602
TWST,2026-10-05,193.4600,207.9000,189.2500,205.0000,3202206
TWST,2026-10-07,158.2600,167.4400,152.5000,155.6500,5902877
VRT,2026-09-15,243.0200,245.4100,233.9000,234.6100,5692529
VRT,2026-09-18,246.1900,250.1500,242.4300,249.3900,7677915
VRT,2026-09-24,240.4700,246.9000,239.0001,245.3000,4109508
VRT,2026-09-29,251.3800,254.1300,246.8400,248.3400,3241798
VRT,2026-10-05,254.3400,258.1000,250.0600,253.6200,4331602
VRT,2026-10-07,244.0250,246.8700,239.6400,246.4900,5491361
XOM,2026-09-15,165.3600,169.6400,165.1500,169.3200,12301438
XOM,2026-09-18,162.5000,163.5400,161.3100,163.5400,36291926
XOM,2026-09-24,163.0550,164.9099,161.2000,162.1400,12263098
XOM,2026-09-29,160.2150,161.9650,159.2700,161.3500,9117546
XOM,2026-10-05,163.7600,164.7400,161.3932,164.0000,12232296
XOM,2026-10-07,165.6000,166.8600,163.4600,164.0500,9517695
